case,ID,path,visit,duration,order,morning,return,expense,payment,gender,age,os,income,time,satisfaction
1,59052,Instagram,1,3,0,0,0,0,9999,Female,20,Android,1900,211,9999
2,89690,Instagram,2,11,0,0,0,0,9999,Male,20,Android,1450,198,9999
3,87291,Kakao,3,11,0,0,0,0,9999,Female,20,Android,850,233,9999
4,45928,Kakao,3,9,0,0,0,0,9999,Male,20,Android,1700,166,9999
5,64036,Instagram,5,8,2,0,0,40,간편결제,Female,20,Android,1850,224,3
6,61773,Instagram,7,6,6,0,0,,간편결제,Male,20,Android,250,188,3
7,75121,Instagram,11,15,3,0,0,16,간편결제,Male,20,iOS,950,198,3
8,49743,Instagram,14,15,6,0,0,20,간편결제,Female,20,iOS,700,232,3
9,69485,Facebook,15,9,10,0,3,29,신용카드,Male,20,Android,1100,236,1
10,68157,Instagram,22,13,9,0,2,43,간편결제,Female,20,Android,950,219,2
11,76527,Facebook,26,10,10,0,0,67,계좌이체,Female,20,Android,850,135,5
12,89927,Banner,30,14,5,0,1,117,간편결제,Male,20,Android,1600,132,2
13,52034,Banner,35,5,8,0,0,50,신용카드,Male,20,iOS,800,119,4
14,77347,Instagram,36,6,13,0,3,74,간편결제,Female,20,Android,700,96,5
15,74617,Instagram,37,11,19,0,7,106,간편결제,Female,20,iOS,1000,127,3
16,60658,Instagram,37,13,13,0,2,47,신용카드,Male,20,iOS,500,168,3
17,62575,Instagram,39,15,15,1,2,282,신용카드,Female,20,iOS,1600,167,3
18,58306,Facebook,43,24,17,6,0,652,간편결제,Male,20,Android,1600,134,7
19,53912,Facebook,43,24,17,3,0,321,신용카드,Male,20,iOS,1350,112,7
20,46934,Kakao,45,11,16,0,0,,간편결제,Male,20,Android,300,71,2
21,56239,Instagram,50,7,17,3,0,313,간편결제,Female,20,Android,1250,115,5
22,77942,Kakao,52,13,23,5,0,540,계좌이체,Male,20,iOS,1400,85,8
23,81406,Kakao,54,8,7,1,0,1,간편결제,Male,20,Android,650,126,6
24,64281,Youtube,57,15,35,5,0,,간편결제,Male,20,Android,250,76,8
25,67717,Instagram,61,8,15,1,0,165,간편결제,Female,20,iOS,1100,112,6
26,85998,Banner,75,20,13,5,2,316,간편결제,Female,20,iOS,1500,38,5
27,85633,Kakao,75,6,25,3,3,139,간편결제,Male,20,iOS,1500,67,6
28,67474,Youtube,76,13,23,3,0,163,간편결제,Female,20,iOS,1100,31,8
29,46477,Kakao,1,10,0,0,0,0,9999,Female,21,Android,800,228,9999
30,88384,Banner,2,4,0,0,0,0,9999,Male,21,iOS,1450,195,9999
31,62805,Instagram,2,12,0,0,0,0,9999,Male,21,Android,950,216,9999
32,81277,Youtube,2,5,0,0,0,0,9999,Male,21,Android,850,219,9999
33,89134,Banner,4,15,0,0,0,0,9999,Male,21,iOS,1550,236,9999
34,89419,Kakao,4,6,0,0,0,0,9999,Male,21,Android,1500,222,9999
35,74334,Instagram,11,15,5,0,0,20,간편결제,Male,21,Android,900,182,2
36,59893,Banner,13,15,8,0,0,30,계좌이체,Male,21,iOS,300,219,3
37,53717,Banner,15,15,10,0,2,30,간편결제,Male,21,Android,350,216,1
38,78797,Instagram,16,9,9,0,0,118,간편결제,Female,21,iOS,1400,173,1
39,72210,Youtube,25,6,6,0,0,82,간편결제,Male,21,Android,1050,177,3
40,69412,Instagram,25,5,9,0,0,44,계좌이체,Female,21,iOS,1050,195,1
41,84450,Youtube,31,14,7,0,0,42,계좌이체,Female,21,Android,350,107,4
42,64998,Youtube,34,15,10,1,1,125,간편결제,Male,21,Android,600,98,6
43,74279,Kakao,34,11,6,0,0,2,계좌이체,Male,21,iOS,700,165,2
44,46768,Instagram,37,9,13,1,1,119,간편결제,Female,21,Android,550,141,5
45,45044,Kakao,41,16,25,3,0,100,간편결제,Male,21,Android,550,148,6
46,62622,Kakao,42,25,14,2,0,328,계좌이체,Female,21,Android,1300,139,5
47,73873,Kakao,43,8,6,2,0,324,간편결제,Female,21,Android,1450,140,4
48,50308,Kakao,47,19,7,3,0,413,간편결제,Female,21,iOS,1750,99,6
49,83588,Youtube,47,3,8,0,0,60,간편결제,Female,21,Android,500,99,3
50,85369,Youtube,48,6,7,0,0,61,간편결제,Male,21,iOS,1050,101,4
51,46110,Youtube,49,7,11,0,2,80,간편결제,Male,21,Android,550,66,4
52,86982,Instagram,51,13,20,1,3,118,계좌이체,Male,21,Android,1000,74,5
53,48488,Youtube,51,3,9,1,0,2,계좌이체,Male,21,Android,300,72,4
54,63074,Instagram,52,15,16,2,5,352,계좌이체,Female,21,iOS,1850,90,2
55,81221,Instagram,54,21,20,4,0,1245735,간편결제,Female,21,Android,1000,69,8
56,57411,Youtube,56,16,13,1,1,122,계좌이체,Male,21,iOS,550,85,6
57,75816,Facebook,57,19,14,5,0,579,계좌이체,Male,21,Android,1800,72,6
58,88420,Kakao,67,18,25,2,4,87,간편결제,Male,21,iOS,1050,103,6
59,69673,Instagram,68,17,8,3,0,105,계좌이체,Male,21,iOS,1350,114,7
60,68909,Instagram,69,21,34,6,0,447,간편결제,Female,21,iOS,1850,88,7
61,65060,Youtube,71,23,15,6,0,629,간편결제,Female,21,Android,1550,51,8
62,53840,Instagram,74,7,18,4,1,115,계좌이체,Female,21,iOS,650,64,5
63,42549,Banner,75,5,29,3,1,91,간편결제,Male,21,Android,1400,78,7
64,70158,Kakao,77,19,27,4,2,201,간편결제,Female,21,Android,1200,66,7
65,56685,Facebook,82,18,89,6,0,1240,간편결제,Male,21,Android,650,82,6
66,40066,Youtube,1,4,0,0,0,0,9999,Female,22,Android,900,210,9999
67,77794,Facebook,2,12,0,0,0,0,9999,Male,22,iOS,1900,193,9999
68,53413,Youtube,3,3,0,0,0,0,9999,Male,22,Android,1900,238,9999
69,77201,Facebook,3,15,0,0,0,0,9999,Male,22,Android,850,230,9999
70,65608,Banner,10,15,5,0,0,12,간편결제,Male,22,iOS,800,194,1
71,62218,Kakao,10,3,2,0,0,20,간편결제,Female,22,iOS,,220,1
72,76729,Kakao,26,13,30,1,0,575,간편결제,Male,22,Android,750,135,7
73,71968,Instagram,30,18,13,0,3,221,간편결제,Female,22,Android,1700,154,1
74,76810,Banner,32,12,14,1,0,267,계좌이체,Female,22,iOS,1300,170,6
75,40484,Facebook,32,13,9,0,0,136,간편결제,Female,22,iOS,1300,184,5
76,64427,Instagram,32,15,11,0,1,61,간편결제,Female,22,Android,1250,178,3
77,55426,Facebook,33,34,35,3,0,994,계좌이체,Male,22,Android,850,161,6
78,67650,Kakao,34,9,11,1,2,83,계좌이체,Female,22,iOS,650,138,4
79,86314,Kakao,34,17,20,0,4,73,계좌이체,Male,22,iOS,800,111,5
80,52491,Youtube,35,18,7,1,0,132,간편결제,Male,22,Android,1900,105,5
81,72800,Banner,41,13,20,2,0,,간편결제,Female,22,Android,600,155,6
82,42247,Banner,42,24,6,1,0,309,신용카드,Female,22,iOS,1550,153,4
83,45128,Kakao,43,15,24,4,3,110,계좌이체,Male,22,iOS,250,136,8
84,65532,Facebook,43,10,12,1,0,115,간편결제,Male,22,iOS,750,84,5
85,61534,Instagram,45,18,22,5,0,376,간편결제,Male,22,Android,1400,112,9
86,76555,Facebook,46,10,9,0,0,95,간편결제,Female,22,iOS,550,147,3
87,89900,Instagram,53,12,14,3,2,109,간편결제,Male,22,Android,950,92,5
88,42681,Instagram,54,18,68,3,0,1000,간편결제,Female,22,iOS,800,134,5
89,84375,Banner,57,18,8,3,0,412,간편결제,Male,22,iOS,1500,63,5
90,52428,Instagram,59,26,61,4,0,780,간편결제,Female,22,iOS,550,64,4
91,44152,Banner,61,11,22,4,1,380,간편결제,Female,22,Android,1700,104,8
92,68864,Youtube,79,27,11,5,0,604,신용카드,Male,22,Android,1750,79,8
93,56049,Instagram,5,13,5,0,1,14,간편결제,Male,23,Android,800,219,1
94,51715,Instagram,7,11,2,0,0,20,간편결제,Male,23,Android,850,205,2
95,47984,Facebook,7,5,3,0,0,63,간편결제,Female,23,Android,1600,198,1
96,87826,Instagram,11,8,7,0,1,33,신용카드,Male,23,Android,1800,219,3
97,78311,Kakao,11,12,2,0,0,,간편결제,Male,23,Android,400,180,2
98,58863,Instagram,15,8,10,0,0,25,계좌이체,Male,23,Android,600,191,3
99,69308,Kakao,18,14,12,0,4,30,간편결제,Male,23,Android,550,237,3
100,46815,Facebook,19,17,8,0,0,87,간편결제,Male,23,Android,1850,233,2
101,54343,Youtube,20,7,11,0,0,50,간편결제,Male,23,iOS,800,235,4
102,60359,Kakao,20,6,11,0,1,70,간편결제,Male,23,iOS,1500,187,3
103,62124,Banner,21,10,9,0,0,24,간편결제,Female,23,Android,450,208,3
104,77091,Kakao,23,14,6,0,0,40,간편결제,Male,23,iOS,300,196,5
105,52087,Youtube,24,20,7,1,0,4589400,간편결제,Female,23,Android,900,230,2
106,88918,Facebook,26,15,8,0,0,42,간편결제,Female,23,Android,800,161,2
107,48714,Instagram,26,30,33,1,0,500,간편결제,Female,23,iOS,1000,188,5
108,54011,Banner,32,11,5,0,0,1,간편결제,Female,23,Android,750,198,6
109,47965,Banner,34,15,13,0,2,134,신용카드,Male,23,Android,1350,95,5
110,43823,Instagram,36,7,7,0,0,73,간편결제,Male,23,iOS,,108,5
111,69448,Instagram,36,15,15,0,1,75,계좌이체,Male,23,Android,550,149,3
112,58241,Youtube,40,14,14,5,1,191,계좌이체,Male,23,Android,1000,170,8
113,78170,Facebook,40,15,16,2,2,124,간편결제,Male,23,Android,900,80,6
114,70051,Kakao,42,18,14,2,2,217,계좌이체,Male,23,iOS,1900,110,5
115,82153,Kakao,45,15,8,0,0,65,간편결제,Male,23,Android,1000,96,3
116,68885,Youtube,46,6,20,3,0,,간편결제,Male,23,Android,600,160,7
117,68174,Kakao,47,5,19,1,0,,계좌이체,Male,23,Android,350,93,4
118,63698,Instagram,48,12,18,2,0,153,간편결제,Male,23,iOS,1950,102,6
119,85171,Banner,50,8,18,3,0,156,신용카드,Female,23,Android,950,73,8
120,78521,Instagram,50,8,8,3,0,345,간편결제,Male,23,iOS,1950,100,5
121,44140,Youtube,54,15,16,5,0,8965739,간편결제,Female,23,iOS,1950,61,5
122,55242,Facebook,56,14,9,2,0,8,간편결제,Female,23,Android,1000,95,6
123,82043,Kakao,56,10,18,1,1,101,간편결제,Male,23,iOS,1200,80,4
124,57605,Kakao,59,11,15,3,2,88,간편결제,Male,23,Android,900,109,7
125,48775,Kakao,68,8,42,5,1,116,계좌이체,Male,23,Android,650,86,9
126,49325,Banner,69,11,30,4,0,115,간편결제,Male,23,iOS,700,88,8
127,82390,Facebook,70,25,24,5,4,380,간편결제,Male,23,Android,1600,54,8
128,81487,Kakao,74,4,27,4,0,,간편결제,Female,23,Android,850,68,6
129,78724,Kakao,78,17,17,3,3,151,간편결제,Male,23,Android,1050,36,6
130,73710,Instagram,80,9,17,3,0,,간편결제,Male,23,Android,700,32,7
131,47644,Facebook,0,0,0,0,0,0,9999,Male,24,Android,1900,182,9999
132,77495,Facebook,1,13,0,0,0,0,9999,Male,24,iOS,800,192,9999
133,66550,Banner,1,10,0,0,0,0,9999,Male,24,Android,1100,195,9999
134,57406,Youtube,2,7,0,0,0,0,9999,Male,24,Android,800,179,9999
135,50737,Facebook,2,3,0,0,0,0,9999,Male,24,Android,950,194,9999
136,63567,Facebook,2,7,0,0,0,0,9999,Male,24,Android,850,203,9999
137,40714,Kakao,3,25,0,0,0,0,9999,Male,24,iOS,850,187,9999
138,48387,Kakao,4,4,0,0,0,0,9999,Male,24,iOS,1800,232,9999
139,51383,Youtube,11,6,10,0,1,12,간편결제,Male,24,Android,350,189,2
140,43871,Kakao,13,11,6,0,2,16,간편결제,Male,24,Android,1450,166,2
141,54508,Youtube,16,5,7,0,0,115,간편결제,Female,24,iOS,1600,193,3
142,54423,Youtube,16,7,3,0,1,23,계좌이체,Male,24,iOS,1450,233,1
143,76703,Facebook,20,8,11,0,1,22,간편결제,Male,24,Android,700,206,3
144,85009,Kakao,22,8,9,0,1,24,간편결제,Female,24,Android,600,175,1
145,63167,Banner,23,10,4,0,2,100,간편결제,Female,24,iOS,550,175,5
146,49093,Banner,24,8,4,0,0,34,신용카드,Male,24,Android,450,223,5
147,82198,Youtube,25,10,11,0,4,131,간편결제,Female,24,iOS,1250,224,1
148,64287,Kakao,25,14,6,0,0,166,간편결제,Male,24,iOS,1500,129,3
149,88741,Banner,26,10,11,0,3,35,신용카드,Female,24,iOS,850,132,2
150,43046,Kakao,27,13,5,0,1,37,간편결제,Male,24,Android,1050,169,3
151,49825,Kakao,30,3,6,0,0,70,간편결제,Female,24,Android,700,105,4
152,65398,Kakao,32,18,12,0,0,127,간편결제,Male,24,iOS,1450,168,5
153,48151,Kakao,34,13,12,0,0,143,간편결제,Female,24,Android,1500,161,6
154,68104,Youtube,38,17,6,3,0,439,간편결제,Male,24,Android,1850,118,4
155,69051,Instagram,38,14,6,0,0,106,신용카드,Female,24,Android,1200,122,6
156,49716,Youtube,42,14,11,0,0,157,신용카드,Female,24,Android,1800,158,5
157,55004,Facebook,44,11,19,1,0,178,계좌이체,Female,24,iOS,1850,149,4
158,68013,Kakao,51,3,12,1,0,64,간편결제,Male,24,Android,1100,132,5
159,73077,Youtube,52,10,24,5,0,547,신용카드,Male,24,Android,1350,115,9
160,77886,Instagram,53,19,20,1,2,201,간편결제,Male,24,iOS,1450,81,2
161,68323,Instagram,55,23,10,3,0,437,신용카드,Female,24,Android,1550,80,5
162,50548,Kakao,58,7,16,2,0,192,간편결제,Male,24,Android,1050,95,6
163,51587,Facebook,59,14,30,6,0,356,간편결제,Female,24,iOS,1550,64,9
164,61521,Instagram,59,8,30,5,0,209,계좌이체,Female,24,iOS,700,70,7
165,43628,Banner,59,14,23,3,3,5,간편결제,Male,24,Android,500,69,6
166,62022,Youtube,62,6,9,3,0,204,신용카드,Male,24,iOS,1950,61,8
167,78138,Youtube,62,8,19,2,3,169,간편결제,Male,24,Android,1200,118,7
168,57989,Youtube,67,9,12,2,2,120,간편결제,Female,24,Android,800,66,7
169,54046,Kakao,72,9,23,2,2,78,간편결제,Male,24,iOS,1300,64,6
170,69474,Facebook,77,16,29,4,1,138,신용카드,Female,24,iOS,650,46,8
171,68343,Youtube,77,11,18,3,0,165,간편결제,Male,24,iOS,850,48,6
172,72238,Youtube,78,33,45,7,0,725,간편결제,Male,24,Android,1850,39,8
173,43963,Instagram,86,19,21,6,0,393,간편결제,Female,24,iOS,1650,71,8
174,85430,Youtube,3,8,0,0,0,0,9999,Female,25,Android,1800,220,9999
175,64059,Kakao,3,10,0,0,0,0,9999,Male,25,Android,1850,232,9999
176,43293,Facebook,5,7,4,0,1,19,계좌이체,Female,25,iOS,1050,202,2
177,80379,Kakao,9,17,0,0,0,0,계좌이체,Male,25,Android,2500,197,5
178,44459,Facebook,10,12,4,0,0,51,간편결제,Female,25,iOS,2600,221,2
179,62705,Kakao,10,10,2,0,0,39,간편결제,Male,25,Android,2900,181,2
180,84725,Facebook,11,12,3,0,0,103,신용카드,Male,25,Android,2950,218,3
181,70787,Kakao,14,8,9,0,0,64,간편결제,Female,25,iOS,1600,181,3
182,62856,Kakao,15,18,6,0,0,198,간편결제,Female,25,Android,2150,181,3
183,83114,Kakao,16,10,4,0,5,177,간편결제,Female,25,Android,2400,166,1
184,66353,Youtube,19,15,6,0,0,78,간편결제,Male,25,Android,2800,198,3
185,77170,Youtube,22,16,5,1,1,333,간편결제,Female,25,Android,2450,195,1
186,67290,Facebook,24,6,4,0,1,35,간편결제,Male,25,Android,1000,197,1
187,75506,Facebook,26,14,15,0,2,89,신용카드,Female,25,Android,1500,200,4
188,56439,Kakao,28,16,8,1,2,337,간편결제,Female,25,Android,2650,136,1
189,88058,Banner,29,10,9,0,0,220,간편결제,Female,25,iOS,1550,169,4
190,61611,Instagram,30,13,10,1,0,324,간편결제,Female,25,Android,2550,104,3
191,53039,Youtube,34,18,9,0,0,117,간편결제,Male,25,iOS,2500,94,3
192,88674,Youtube,34,7,15,2,0,403,계좌이체,Female,25,Android,2850,128,3
193,75608,Facebook,38,12,12,0,0,101,간편결제,Female,25,Android,1450,108,3
194,53735,Banner,40,15,22,2,0,104,간편결제,Male,25,Android,1300,151,6
195,67410,Banner,41,29,17,6,0,900,간편결제,Male,25,Android,2300,89,5
196,44855,Kakao,44,15,17,2,0,374,간편결제,Female,25,Android,1650,92,5
197,87276,Instagram,45,17,19,5,2,556,간편결제,Male,25,iOS,2900,62,6
198,69949,Instagram,45,8,12,1,0,190,신용카드,Female,25,Android,2500,129,6
199,88389,Kakao,46,27,13,5,0,443,간편결제,Female,25,iOS,2450,99,9
200,55356,Facebook,47,17,15,3,0,475,간편결제,Female,25,iOS,2900,123,4
201,80532,Instagram,51,15,7,2,0,274,간편결제,Female,25,iOS,1350,99,4
202,46302,Youtube,54,11,9,4,0,501,신용카드,Male,25,iOS,1750,102,5
203,57304,Youtube,57,15,14,3,0,431,신용카드,Female,25,iOS,2400,89,6
204,82358,Kakao,57,11,18,1,2,134,간편결제,Male,25,Android,2450,109,4
205,48291,Instagram,57,10,15,2,0,351,간편결제,Male,25,iOS,2950,105,6
206,83699,Instagram,72,18,27,3,3,131,간편결제,Female,25,Android,1400,89,7
207,42983,Kakao,74,22,30,6,0,622,간편결제,Female,25,iOS,2200,69,5
208,43486,Youtube,84,10,12,4,0,464,신용카드,Male,25,Android,2650,72,6
209,69315,Instagram,1,9,0,0,0,0,9999,Male,26,iOS,1200,235,9999
210,43733,Kakao,2,3,0,0,0,0,9999,Male,26,Android,1300,186,9999
211,75978,Youtube,7,5,4,0,1,11,신용카드,Male,26,Android,1100,211,1
212,47157,Instagram,10,6,6,0,0,22,간편결제,Male,26,iOS,1450,193,3
213,73164,Instagram,11,9,5,0,0,26,간편결제,Female,26,iOS,1700,191,2
214,59143,Facebook,12,12,8,0,2,20,간편결제,Female,26,iOS,1000,214,1
215,48841,Kakao,14,12,6,0,1,50,신용카드,Female,26,Android,1750,166,3
216,43456,Kakao,19,8,12,0,0,117,간편결제,Female,26,Android,2850,221,3
217,41676,Kakao,22,18,11,0,0,138,신용카드,Female,26,Android,2600,184,2
218,49500,Banner,23,18,5,1,0,286,간편결제,Female,26,iOS,2400,188,3
219,72394,Facebook,25,18,5,0,0,178,계좌이체,Female,,Android,2000,179,4
220,63486,Kakao,25,10,5,0,0,121,신용카드,Female,26,iOS,2150,184,5
221,47300,Facebook,31,13,12,0,0,133,간편결제,Female,26,iOS,2150,182,5
222,84907,Facebook,32,22,16,3,0,559,간편결제,Female,26,Android,2050,109,5
223,59480,Banner,33,18,13,2,0,434,신용카드,Female,26,iOS,2950,127,4
224,62594,Banner,34,11,19,2,0,209,간편결제,Female,26,iOS,2350,124,6
225,43651,Youtube,34,8,11,0,0,219,간편결제,Female,26,iOS,2000,115,2
226,86147,Kakao,34,12,6,1,0,301,간편결제,Male,26,iOS,2500,103,4
227,82787,Facebook,36,23,15,2,0,391,간편결제,Male,26,iOS,2400,92,4
228,73875,Facebook,37,19,10,6,1,572,간편결제,Female,26,Android,2850,131,9
229,66992,Youtube,41,12,11,0,1,228,간편결제,Female,26,Android,2500,105,4
230,81540,Kakao,48,14,5,0,0,80,간편결제,Female,26,Android,1150,112,4
231,49190,Banner,50,17,8,3,0,150,간편결제,Male,26,Android,1050,69,8
232,82408,Instagram,50,6,20,3,0,223,간편결제,Male,26,Android,1000,78,5
233,81914,Youtube,50,12,10,1,0,98,간편결제,Male,26,Android,1450,77,6
234,49010,Youtube,51,26,8,3,2,550,간편결제,Female,26,Android,2450,119,5
235,61474,Kakao,52,24,19,1,3,302,간편결제,Female,26,iOS,1700,98,5
236,83609,Instagram,54,8,9,2,0,356,간편결제,Female,26,Android,2050,121,6
237,54570,Facebook,54,15,17,1,0,178,계좌이체,Female,26,Android,2400,103,2
238,81314,Banner,59,13,14,2,1,220,간편결제,Male,26,iOS,1650,57,6
239,50688,Banner,60,16,24,2,0,149,간편결제,Male,26,Android,2350,74,6
240,51687,Instagram,61,27,15,5,0,656,신용카드,Female,26,iOS,2400,107,8
241,45726,Youtube,62,25,27,5,1,337,간편결제,Male,26,iOS,1400,112,8
242,61843,Youtube,62,11,23,4,1,449,간편결제,Male,26,Android,1850,51,5
243,55848,Banner,68,11,18,5,0,645,간편결제,Female,26,iOS,2650,71,6
244,40207,Youtube,75,20,11,5,1,589,신용카드,Male,26,Android,1600,37,8
245,75424,Youtube,77,21,25,6,0,799,간편결제,Female,26,iOS,2050,44,9
246,68191,Facebook,0,0,0,0,0,0,9999,Male,27,iOS,1600,200,9999
247,66084,Banner,0,0,0,0,0,0,9999,Male,27,iOS,1400,211,9999
248,87956,Youtube,2,7,0,0,0,0,9999,Female,27,Android,1650,235,9999
249,86611,Facebook,2,14,0,0,0,0,9999,Female,27,Android,2100,182,9999
250,57828,Kakao,3,8,0,0,0,0,9999,Male,27,Android,2500,233,9999
251,80018,Kakao,3,10,0,0,0,0,9999,Male,27,Android,1200,181,9999
252,85612,Kakao,9,15,4,0,0,52,간편결제,Male,27,Android,1450,173,1
253,45940,Kakao,11,15,4,0,0,168,신용카드,Female,27,Android,3050,196,1
254,61285,Youtube,12,16,8,0,0,128,신용카드,Male,27,Android,3450,179,3
255,66911,Kakao,13,14,8,0,1,11,간편결제,Male,27,Android,1300,203,1
256,57395,Youtube,14,9,3,0,0,104,간편결제,Female,27,Android,2900,235,1
257,79107,Banner,15,5,4,0,0,138,신용카드,Female,27,Android,2900,171,3
258,68205,Kakao,15,16,6,0,0,148,간편결제,Female,27,iOS,1650,210,2
259,83146,Facebook,18,14,11,0,3,126,신용카드,Male,27,iOS,2050,200,3
260,64976,Banner,20,29,7,0,0,435,간편결제,Female,27,iOS,3150,220,5
261,54549,Kakao,20,10,11,0,1,156,간편결제,Male,27,iOS,2000,217,4
262,80507,Banner,21,11,12,0,2,77,간편결제,Female,27,Android,1250,193,2
263,75225,Kakao,26,11,8,2,0,595,신용카드,Female,27,iOS,3000,185,4
264,70422,Banner,30,15,9,0,0,94,간편결제,Male,27,Android,1250,156,2
265,41471,Facebook,32,25,10,3,0,522,계좌이체,Female,27,Android,2450,127,4
266,51796,Kakao,32,17,13,2,0,390,신용카드,Female,27,iOS,2900,176,3
267,59338,Facebook,35,7,13,0,2,142,신용카드,Female,27,Android,3100,149,2
268,79593,Youtube,37,16,23,6,0,591,신용카드,Female,27,Android,1650,118,5
269,55219,Youtube,39,10,17,0,2,140,간편결제,Female,27,iOS,1900,166,3
270,86648,Instagram,39,13,6,2,0,703,신용카드,Female,27,iOS,3900,114,4
271,76565,Instagram,40,17,21,5,0,938,간편결제,Female,27,iOS,3000,84,5
272,79586,Youtube,43,23,21,4,0,493,계좌이체,Female,27,Android,1750,111,7
273,77583,Banner,45,12,28,7,0,831,간편결제,Female,27,iOS,2900,164,9
274,69272,Kakao,46,17,20,2,0,585,간편결제,Female,27,iOS,3600,108,4
275,44453,Instagram,48,12,11,6,0,498,간편결제,Female,27,iOS,2450,74,9
276,80892,Youtube,48,5,21,2,3,78,간편결제,Male,27,iOS,1300,115,7
277,76765,Instagram,50,10,17,4,0,544,간편결제,Female,27,Android,2800,118,5
278,89721,Kakao,51,14,12,5,0,510,간편결제,Male,27,iOS,1900,135,5
279,59915,Instagram,52,24,15,4,0,569,신용카드,Female,27,iOS,3200,131,5
280,61365,Youtube,53,19,18,3,0,169,계좌이체,Male,27,Android,1400,111,7
281,75220,Banner,58,13,8,4,1,996,간편결제,Female,27,iOS,3400,81,8
282,70774,Banner,60,5,9,1,2,66,신용카드,Female,27,Android,1300,80,4
283,59475,Instagram,67,15,8,3,0,269,간편결제,Male,27,Android,1900,110,6
284,44670,Youtube,78,15,14,4,1,303,간편결제,Female,27,iOS,,75,8
285,51296,Youtube,79,16,12,6,0,861,간편결제,Female,27,iOS,3650,88,8
286,82958,Instagram,80,32,14,6,0,1221,간편결제,Female,27,Android,3150,58,6
287,43392,Facebook,86,13,10,4,0,172,간편결제,Female,27,iOS,1200,59,8
288,71220,Instagram,1,6,0,0,0,0,9999,Male,28,iOS,1600,229,9999
289,46503,Youtube,2,6,0,0,0,0,9999,Male,28,iOS,1200,194,9999
290,61896,Banner,7,16,3,0,0,119,신용카드,Male,28,Android,3850,206,3
291,45945,Youtube,9,3,6,0,1,43,신용카드,Male,28,Android,2750,207,2
292,86091,Kakao,10,11,1,0,0,17,계좌이체,Male,28,iOS,1500,182,3
293,54169,Banner,10,12,7,0,2,20,신용카드,Female,28,iOS,1250,201,1
294,72131,Kakao,14,10,6,0,0,58,간편결제,Male,28,iOS,1500,181,3
295,65648,Kakao,16,11,9,0,0,278,간편결제,Female,28,Android,3800,181,4
296,87855,Banner,21,12,11,0,0,425,간편결제,Male,28,Android,3850,178,3
297,76595,Banner,21,6,6,0,1,215,신용카드,Male,28,iOS,3300,212,1
298,88383,Kakao,21,24,10,0,2,354,간편결제,Female,28,iOS,3100,179,1
299,83261,Banner,21,10,9,0,0,73,신용카드,Female,28,iOS,3000,169,2
300,86882,Banner,23,9,8,0,0,203,신용카드,Male,28,iOS,2300,213,4
301,84414,Kakao,25,5,15,0,3,118,신용카드,Female,28,iOS,2500,186,4
302,56821,Instagram,26,16,8,1,0,331,간편결제,Male,28,Android,2300,152,5
303,75190,Instagram,33,8,20,1,0,289,신용카드,Male,28,Android,2750,101,2
304,50131,Kakao,34,15,6,2,0,210,간편결제,Male,28,Android,1350,147,6
305,43154,Youtube,34,13,8,0,0,200,간편결제,Male,28,Android,1500,91,3
306,44889,Youtube,37,24,7,2,1,359,신용카드,Female,28,Android,2450,161,2
307,79330,Banner,37,15,9,2,0,410,간편결제,Male,28,Android,2400,91,3
308,48503,Banner,41,24,7,4,0,840,간편결제,Male,28,Android,3150,152,4
309,68838,Kakao,41,8,11,2,0,278,간편결제,Female,28,iOS,1300,153,5
310,56551,Instagram,44,21,22,7,0,837,간편결제,Female,28,Android,2100,157,5
311,54651,Facebook,44,8,16,3,0,240,간편결제,Female,28,iOS,1350,128,6
312,51116,Instagram,44,7,18,3,2,407,간편결제,Male,28,iOS,2500,143,4
313,50256,Kakao,45,27,18,5,0,505,신용카드,Female,28,iOS,1900,132,5
314,52375,Instagram,46,12,23,4,0,380,신용카드,Male,28,Android,1400,124,8
315,47353,Facebook,47,34,7,5,0,982,신용카드,Male,28,Android,3400,160,7
316,65841,Facebook,48,20,21,2,0,207,간편결제,Male,28,Android,2750,107,6
317,81078,Banner,49,17,13,3,1,205,간편결제,Male,28,iOS,1600,108,8
318,61895,Youtube,58,16,11,5,0,615,신용카드,Female,28,Android,3350,112,8
319,79598,Facebook,61,20,10,2,1,314,간편결제,Female,28,iOS,1700,72,5
320,63789,Instagram,63,19,25,5,1,542,간편결제,Male,28,iOS,3200,63,5
321,40561,Banner,63,22,18,3,0,431,신용카드,Female,28,Android,3100,83,7
322,68429,Facebook,65,14,9,5,0,564,신용카드,Male,28,Android,3700,65,8
323,56389,Kakao,71,9,11,5,0,379,신용카드,Male,28,Android,2400,93,9
324,61406,Kakao,76,34,17,6,0,790,간편결제,Female,28,Android,3700,68,5
325,77959,Instagram,79,14,18,3,0,219,신용카드,Male,28,Android,2400,58,6
326,80389,Banner,85,23,14,7,0,1007,간편결제,Male,28,iOS,2700,82,7
327,52452,Banner,0,0,0,0,0,0,9999,Male,29,Android,1850,201,9999
328,69403,Facebook,0,0,0,0,0,0,9999,Male,29,Android,2000,214,9999
329,86632,Kakao,0,0,0,0,0,0,9999,Male,29,iOS,2000,169,9999
330,77121,Facebook,2,8,0,0,0,0,9999,Male,29,iOS,1550,194,9999
331,75044,Youtube,4,4,0,0,0,0,9999,Male,29,iOS,1600,226,9999
332,86497,Banner,4,3,0,0,0,0,9999,Female,29,iOS,1500,222,9999
333,79674,Youtube,6,10,4,0,0,95,계좌이체,Female,29,Android,2850,200,1
334,40249,Facebook,10,7,4,0,0,54,신용카드,Male,29,iOS,3150,211,3
335,65524,Instagram,15,4,7,0,1,48,간편결제,Female,29,Android,1750,198,1
336,85872,Facebook,22,14,10,1,0,458,간편결제,Female,29,Android,,212,4
337,84212,Instagram,23,11,8,1,0,316,간편결제,Male,29,Android,2650,223,3
338,82377,Facebook,24,25,4,1,0,332,간편결제,Female,,Android,3400,186,5
339,89991,Facebook,27,4,13,0,2,69,신용카드,Male,29,Android,2450,152,3
340,44551,Facebook,28,11,11,1,3,287,간편결제,Male,29,Android,2600,159,2
341,78363,Youtube,31,14,10,1,0,178,간편결제,Female,29,iOS,3200,168,3
342,87612,Instagram,33,27,8,3,0,767,계좌이체,Female,29,Android,3800,103,4
343,63786,Instagram,34,9,14,2,0,403,신용카드,Female,29,iOS,2750,113,5
344,49272,Instagram,37,7,15,1,0,172,간편결제,Male,29,iOS,2900,117,3
345,50509,Facebook,37,16,7,2,0,457,간편결제,Male,29,iOS,2200,155,3
346,84592,Facebook,38,19,19,2,0,299,간편결제,Female,29,iOS,2550,166,6
347,47621,Kakao,42,15,16,4,0,409,간편결제,Male,29,Android,1950,121,6
348,68205,Youtube,42,25,18,4,1,501,간편결제,Male,29,iOS,1500,89,4
349,62987,Kakao,42,18,12,3,0,541,간편결제,Female,29,iOS,2100,109,6
350,65660,Youtube,44,17,14,1,0,265,계좌이체,Female,29,Android,2550,167,2
351,58975,Youtube,46,25,8,3,0,527,신용카드,Female,29,Android,3700,128,5
352,44886,Facebook,46,27,11,2,0,686,신용카드,Female,29,Android,3750,84,5
353,87242,Facebook,51,18,5,2,0,328,신용카드,Female,29,iOS,2100,64,6
354,70082,Instagram,55,15,11,2,0,358,간편결제,Female,29,iOS,2650,66,4
355,46400,Kakao,56,26,20,4,0,425,신용카드,Female,29,Android,3000,97,8
356,85566,Kakao,61,16,15,6,0,581,간편결제,Female,29,Android,2050,89,5
357,54634,Facebook,63,6,13,3,0,260,간편결제,Male,29,Android,2300,81,7
358,76502,Youtube,70,13,13,6,0,768,신용카드,Female,29,iOS,3500,72,7
359,58412,Kakao,79,14,43,6,0,392,신용카드,Female,29,iOS,1500,76,9
360,54278,Instagram,3,3,0,0,0,0,9999,Male,30,Android,2450,218,9999
361,61006,Youtube,6,17,6,0,0,109,간편결제,Male,30,Android,2350,220,2
362,77698,Banner,6,6,5,0,0,156,신용카드,Male,30,Android,5250,205,1
363,83697,Facebook,13,13,9,0,0,176,간편결제,Female,30,iOS,3400,195,1
364,62222,Kakao,14,7,8,0,1,55,간편결제,Male,30,Android,2950,203,1
365,68635,Kakao,15,20,8,0,1,193,간편결제,Male,30,Android,3800,160,2
366,74371,Youtube,16,12,4,0,0,165,계좌이체,Female,30,Android,2000,223,2
367,88682,Youtube,17,15,6,0,0,152,신용카드,Male,30,iOS,3550,182,3
368,66041,Instagram,18,10,7,0,0,227,계좌이체,Female,30,Android,2600,225,4
369,51525,Instagram,20,11,10,0,0,168,간편결제,Male,30,Android,2700,167,2
370,61825,Kakao,21,5,5,0,0,258,간편결제,Female,30,Android,2550,161,2
371,89732,Kakao,22,12,11,0,3,189,간편결제,Female,30,iOS,2100,221,1
372,87013,Instagram,24,13,7,0,0,216,신용카드,Female,30,iOS,3600,195,4
373,72125,Instagram,29,25,5,2,0,619,신용카드,Female,30,Android,5600,168,5
374,72353,Kakao,29,19,5,1,2,272,신용카드,Male,30,iOS,2550,103,2
375,82941,Youtube,30,21,15,2,0,407,간편결제,Female,30,iOS,4050,176,4
376,52708,Youtube,31,7,19,1,0,209,신용카드,Female,30,Android,2950,162,6
377,52411,Instagram,31,23,7,2,0,344,신용카드,Female,30,Android,3500,165,2
378,46773,Kakao,32,14,7,2,0,590,간편결제,Female,30,Android,3350,156,4
379,51997,Instagram,33,17,5,2,0,599,신용카드,Female,30,Android,3800,122,2
380,69526,Facebook,33,12,6,0,0,187,간편결제,Male,30,iOS,2500,146,4
381,66195,Youtube,35,21,14,1,0,325,계좌이체,Female,30,iOS,3850,95,5
382,86551,Instagram,38,39,16,7,0,1144,간편결제,Female,30,iOS,4300,133,7
383,50677,Facebook,38,21,15,3,0,549,간편결제,Male,30,iOS,2450,164,4
384,51510,Youtube,40,12,11,4,1,626,간편결제,Female,30,iOS,2650,164,6
385,48552,Youtube,40,22,13,2,0,641,신용카드,Female,30,iOS,3300,90,6
386,63610,Youtube,41,5,5,1,1,161,간편결제,Female,30,Android,2600,156,6
387,43035,Youtube,42,18,17,3,0,301,계좌이체,Female,30,Android,1600,92,5
388,46329,Instagram,44,25,22,7,0,991,신용카드,Female,30,Android,2450,116,5
389,85463,Facebook,44,29,17,4,0,975,신용카드,Female,30,iOS,5300,117,7
390,78152,Instagram,45,18,21,3,0,4568177,간편결제,Female,30,iOS,1600,123,9
391,61586,Instagram,47,35,21,6,1,1180,신용카드,Female,30,Android,3700,122,6
392,44742,Instagram,47,14,9,4,0,886,신용카드,Female,30,Android,4200,72,6
393,82634,Kakao,49,27,17,5,0,683,신용카드,Female,30,iOS,4150,105,5
394,48788,Youtube,52,24,7,3,0,401,간편결제,Female,30,iOS,1950,70,7
395,77929,Instagram,53,10,6,3,0,458,신용카드,Male,30,iOS,3750,89,6
396,47423,Instagram,54,12,25,6,0,768,간편결제,Female,30,Android,4250,118,6
397,40177,Banner,59,21,28,7,0,788,신용카드,Female,30,iOS,4400,95,8
398,89160,Kakao,61,10,7,4,0,257,계좌이체,Male,30,Android,2900,75,6
399,45029,Youtube,64,16,22,4,4,966,신용카드,Female,30,Android,4650,72,7
400,51470,Kakao,70,35,24,6,0,1181,간편결제,Female,30,Android,3800,94,9
401,46789,Kakao,72,24,17,7,0,1002,신용카드,Male,30,iOS,2800,31,5
402,57539,Instagram,74,27,15,4,2,962,간편결제,Male,30,Android,4150,75,4
403,55561,Kakao,87,15,20,4,0,213,간편결제,Female,30,iOS,1500,88,5
404,58235,Banner,97,22,26,6,32,434,간편결제,Female,30,iOS,2900,47,9
405,52588,Kakao,3,9,0,0,0,0,9999,Male,31,Android,2100,174,9999
406,85661,Banner,10,9,5,0,0,148,신용카드,Male,31,Android,4500,180,1
407,58042,Youtube,11,15,6,0,0,129,신용카드,Male,31,iOS,4600,183,1
408,40475,Youtube,14,5,3,0,0,102,간편결제,Male,31,Android,2100,180,1
409,44769,Banner,15,14,3,0,0,163,간편결제,Female,31,Android,2250,227,1
410,79492,Kakao,17,6,3,0,0,238,신용카드,Female,31,Android,4400,167,1
411,78879,Facebook,18,18,11,1,0,292,간편결제,Male,31,iOS,3300,176,3
412,66423,Youtube,18,15,11,0,0,173,간편결제,Male,31,iOS,3550,201,2
413,55131,Kakao,20,21,4,0,0,365,신용카드,Male,31,Android,4900,206,2
414,41619,Instagram,26,28,12,1,0,441,신용카드,Male,31,iOS,3200,195,4
415,50306,Instagram,28,12,5,1,0,302,간편결제,Female,31,iOS,4300,126,2
416,73308,Kakao,29,6,7,1,0,279,신용카드,Female,31,Android,4400,121,3
417,62251,Youtube,31,6,9,0,0,139,계좌이체,Female,31,iOS,2350,129,2
418,80520,Facebook,33,13,11,2,2,412,신용카드,Male,31,Android,3800,170,2
419,47067,Kakao,34,9,7,1,0,170,간편결제,Female,31,Android,2250,110,5
420,70154,Kakao,35,6,17,1,1,130,간편결제,Female,31,Android,2500,121,4
421,89528,Instagram,37,9,5,0,0,202,간편결제,Female,31,iOS,2650,100,5
422,74002,Kakao,38,14,10,3,0,697,신용카드,Male,31,Android,4450,105,4
423,89838,Instagram,38,15,9,1,0,317,계좌이체,Female,31,Android,3500,156,5
424,66855,Youtube,40,17,12,2,0,593,간편결제,Female,31,iOS,3100,151,2
425,68619,Facebook,41,24,24,5,0,674,신용카드,Female,31,iOS,4300,158,7
426,75717,Banner,43,13,8,2,1,614,신용카드,Male,31,iOS,4950,154,3
427,71266,Youtube,44,14,14,1,2,360,신용카드,Male,31,Android,3400,128,2
428,63464,Kakao,46,34,14,6,0,744,간편결제,Female,31,iOS,3300,144,5
429,89141,Instagram,47,22,15,5,1,1092,신용카드,Female,31,Android,5650,127,6
430,75153,Facebook,48,30,16,4,0,459,계좌이체,Female,31,Android,2450,125,5
431,45353,Kakao,49,14,21,6,2,2457945,간편결제,Female,31,iOS,2300,81,8
432,83295,Instagram,52,29,12,4,0,1004,신용카드,Male,31,iOS,4700,68,4
433,83259,Instagram,53,16,13,6,0,1263,간편결제,Male,31,iOS,4250,117,6
434,65808,Facebook,55,19,22,4,2,614,신용카드,Female,31,iOS,3600,52,6
435,53155,Banner,64,17,13,4,0,531,계좌이체,Female,31,iOS,2200,82,4
436,66658,Youtube,66,28,18,5,0,745,간편결제,Female,31,iOS,3700,117,6
437,47389,Youtube,69,21,21,5,0,562,신용카드,Male,31,iOS,2000,105,8
438,40902,Youtube,72,39,20,5,1,1150,신용카드,Female,31,iOS,5750,57,8
439,69428,Facebook,75,29,17,5,0,553,간편결제,Male,31,Android,2300,58,5
440,88276,Instagram,78,23,17,6,0,873,간편결제,Female,31,iOS,2200,41,8
441,73312,Instagram,84,19,27,3,0,222,간편결제,Male,31,Android,2250,70,8
442,80765,Facebook,1,14,0,0,0,0,9999,Female,32,iOS,2400,212,9999
443,58807,Facebook,2,10,0,0,0,0,9999,Male,32,Android,2500,177,9999
444,63166,Facebook,4,14,0,0,0,0,9999,Male,32,iOS,2250,202,9999
445,76006,Kakao,13,14,9,0,1,93,간편결제,Female,32,Android,3550,209,2
446,52300,Instagram,14,8,4,0,0,167,계좌이체,Female,32,Android,2150,173,1
447,64795,Youtube,18,12,6,0,0,121,간편결제,Female,32,iOS,2750,227,5
448,63036,Instagram,18,18,8,0,0,104,간편결제,Male,32,Android,1950,227,2
449,84654,Banner,20,17,7,1,0,454,간편결제,Female,32,Android,4350,191,5
450,63102,Instagram,20,18,5,0,0,291,신용카드,Male,32,Android,3750,189,3
451,50720,Instagram,22,24,12,1,4,296,신용카드,Female,32,Android,3750,219,1
452,89830,Instagram,22,16,12,0,0,232,신용카드,Female,32,iOS,4100,237,3
453,77489,Kakao,22,11,4,0,0,410,간편결제,Male,32,Android,4200,214,2
454,53210,Facebook,25,20,8,0,0,201,간편결제,Male,32,Android,2300,193,2
455,74748,Instagram,25,26,8,1,0,468,신용카드,Male,32,iOS,4000,112,4
456,44807,Kakao,29,7,5,1,0,304,간편결제,Male,32,Android,2500,128,3
457,69482,Instagram,30,7,15,1,1,262,계좌이체,Female,32,iOS,2650,156,3
458,76669,Banner,30,6,9,1,0,260,계좌이체,Male,32,iOS,2950,163,5
459,79326,Instagram,33,15,9,3,1,770,신용카드,Female,32,iOS,5450,110,5
460,66942,Youtube,34,20,5,0,0,433,간편결제,Female,32,iOS,3150,115,4
461,62029,Youtube,35,28,5,3,0,857,신용카드,Female,32,Android,4000,120,5
462,84034,Instagram,38,12,20,5,0,665,간편결제,Female,32,iOS,2300,99,5
463,60070,Youtube,39,21,5,3,0,467,간편결제,Female,32,iOS,2500,83,4
464,43002,Kakao,43,23,25,6,3,606,신용카드,Female,32,Android,3250,92,9
465,80094,Youtube,49,30,18,4,2,469,간편결제,Female,32,Android,1850,90,5
466,66293,Kakao,50,22,7,3,0,386,신용카드,Female,32,Android,2300,117,4
467,67166,Facebook,54,24,16,5,2,573,간편결제,Male,32,Android,1850,76,6
468,80064,Instagram,55,17,14,6,0,1187,간편결제,Female,32,Android,3350,69,6
469,63539,Facebook,56,13,11,3,0,431,계좌이체,Female,32,iOS,1850,66,6
470,69632,Instagram,57,17,8,5,0,615,간편결제,Female,32,iOS,3100,86,5
471,54699,Instagram,63,23,14,3,1,356,간편결제,Female,32,iOS,2250,70,6
472,53603,Instagram,69,19,13,4,0,1006,간편결제,Female,32,Android,3900,78,6
473,40968,Instagram,70,25,28,7,0,794,간편결제,Female,32,iOS,2150,88,7
474,62738,Kakao,70,10,12,5,0,396,신용카드,Female,32,Android,2250,56,7
475,70698,Banner,70,22,16,5,0,354,계좌이체,Female,32,iOS,1950,96,5
476,64603,Kakao,71,31,20,5,0,708,간편결제,Female,32,iOS,4200,57,6
477,87918,Instagram,78,15,15,6,0,1188,간편결제,Female,32,iOS,3800,64,6
478,86557,Instagram,78,30,24,6,0,1346,신용카드,Male,32,Android,5100,33,6
479,59164,Instagram,82,16,16,6,0,1224,간편결제,Male,32,Android,5000,87,5
480,54400,Instagram,94,34,12,6,0,1046,신용카드,Female,32,iOS,4800,85,7
481,52278,Youtube,0,0,0,0,0,0,9999,Male,33,iOS,2450,212,9999
482,50773,Instagram,1,15,0,0,0,0,9999,Male,33,iOS,2050,176,9999
483,52616,Facebook,2,12,0,0,0,0,9999,Male,33,Android,2400,165,9999
484,59841,Banner,2,3,0,0,0,0,9999,Male,33,Android,1850,190,9999
485,88357,Youtube,5,3,2,0,0,55,간편결제,Male,33,iOS,2300,211,1
486,73922,Facebook,7,9,7,0,0,185,간편결제,Male,33,Android,5950,199,2
487,64062,Youtube,11,13,6,0,0,116,간편결제,Male,33,Android,4100,178,2
488,52256,Banner,17,8,12,0,0,249,신용카드,Male,33,Android,5000,215,4
489,44519,Kakao,19,16,8,0,0,222,신용카드,Female,33,Android,4250,185,4
490,88054,Kakao,21,13,10,0,0,65,간편결제,Female,33,iOS,2450,226,4
491,84754,Youtube,23,5,5,0,0,123,계좌이체,Female,33,Android,1900,177,2
492,71285,Kakao,23,13,11,0,3,85,계좌이체,Female,33,Android,2500,196,4
493,56858,Youtube,24,9,10,0,0,157,간편결제,Male,33,iOS,2000,188,1
494,53441,Kakao,24,15,9,0,0,254,간편결제,Male,33,Android,2550,170,4
495,58108,Facebook,33,23,9,3,0,784,신용카드,Female,33,Android,4250,137,5
496,83156,Youtube,33,30,5,2,0,685,간편결제,Male,,Android,3900,167,4
497,48796,Kakao,33,17,9,1,1,463,신용카드,Female,33,Android,3350,132,3
498,52680,Kakao,35,9,19,1,0,242,신용카드,Female,33,iOS,2850,155,6
499,73681,Kakao,36,21,16,6,0,1279,계좌이체,Male,33,iOS,3450,131,7
500,50399,Kakao,39,30,19,8,0,1535,간편결제,Female,33,iOS,3400,160,7
501,54748,Kakao,39,18,12,3,0,713,간편결제,Female,33,iOS,3650,138,6
502,59212,Instagram,39,21,14,2,0,589,간편결제,Female,33,iOS,3100,120,4
503,66455,Kakao,40,22,17,6,0,873,간편결제,Male,33,iOS,2500,96,5
504,88279,Instagram,42,15,9,1,0,324,계좌이체,Female,33,iOS,2750,159,5
505,46319,Youtube,46,13,15,6,1,669,간편결제,Female,33,iOS,2750,106,5
506,70970,Instagram,48,39,24,7,0,1549,간편결제,Female,33,Android,5300,81,6
507,65372,Banner,50,32,10,9,0,1942,간편결제,Female,33,iOS,5100,87,8
508,54929,Facebook,53,14,24,4,2,291,계좌이체,Female,33,Android,2250,93,6
509,87360,Facebook,55,33,19,3,0,837,간편결제,Female,33,Android,3900,85,4
510,77979,Instagram,59,19,36,8,0,1031,신용카드,Male,33,iOS,4350,117,9
511,75322,Banner,59,15,11,6,0,1351,신용카드,Female,33,iOS,5300,68,6
512,70870,Youtube,70,31,29,7,0,876,신용카드,Female,33,iOS,2450,77,7
513,80955,Instagram,73,16,12,7,0,981,신용카드,Female,33,iOS,4450,45,6
514,68488,Kakao,78,40,25,6,0,1282,신용카드,Female,33,iOS,5750,66,5
515,71472,Kakao,85,20,16,6,0,1139,신용카드,Female,33,iOS,3650,32,5
516,79739,Instagram,86,25,31,6,0,495,간편결제,Male,33,Android,3250,57,7
517,57750,Instagram,87,21,25,6,0,359,간편결제,Male,33,Android,1800,39,8
518,44198,Youtube,90,35,37,7,0,786,간편결제,Female,33,iOS,2650,31,9
519,43125,Youtube,96,14,30,5,2,232,간편결제,Female,33,iOS,2350,36,7
520,64568,Youtube,97,24,38,8,0,1540,신용카드,Male,33,iOS,3950,45,7
521,73157,Youtube,11,11,3,0,0,248,신용카드,Female,34,iOS,4400,200,4
522,68550,Facebook,13,11,3,0,0,87,간편결제,Male,34,iOS,3400,213,3
523,47838,Banner,14,14,6,1,0,376,간편결제,Female,34,Android,5650,187,2
524,63318,Facebook,14,13,8,0,0,79,신용카드,Female,34,Android,2700,178,1
525,72557,Banner,14,17,9,0,3,71,간편결제,Male,34,Android,2800,210,3
526,72953,Youtube,15,20,10,0,1,261,계좌이체,Female,34,Android,3850,220,3
527,88466,Youtube,15,10,9,0,0,250,간편결제,Female,34,iOS,4650,183,3
528,46929,Youtube,16,7,3,0,0,304,신용카드,Female,34,iOS,4600,221,4
529,61691,Facebook,17,13,6,0,0,208,간편결제,Male,34,iOS,2150,214,4
530,45281,Instagram,18,24,7,0,1,370,계좌이체,Female,34,iOS,4500,202,1
531,66276,Banner,18,18,4,0,0,230,계좌이체,Female,34,Android,4000,239,1
532,88140,Banner,19,13,8,0,2,117,신용카드,Female,34,Android,2850,208,2
533,80263,Kakao,25,8,6,0,0,407,신용카드,Female,34,Android,4850,225,5
534,41409,Instagram,26,21,13,1,2,338,신용카드,Female,34,iOS,4200,129,2
535,51877,Facebook,26,8,13,0,1,98,간편결제,Female,34,Android,2750,123,4
536,83359,Youtube,31,20,6,1,0,345,신용카드,Female,34,iOS,4200,200,4
537,49075,Banner,32,9,5,1,0,271,신용카드,Female,34,Android,2800,121,3
538,86994,Banner,33,22,6,2,0,397,간편결제,Female,34,Android,4000,161,5
539,44351,Banner,33,16,13,2,0,457,간편결제,Female,34,iOS,3300,169,3
540,76703,Kakao,34,19,15,1,0,575,신용카드,Male,34,iOS,4750,131,3
541,70973,Kakao,35,22,5,1,0,296,간편결제,Female,34,Android,,125,6
542,79377,Youtube,35,10,11,2,0,599,간편결제,Male,34,Android,4250,116,5
543,43237,Youtube,36,18,8,2,0,381,신용카드,Female,34,Android,2500,140,2
544,80099,Kakao,37,18,14,0,1,229,신용카드,Male,34,Android,2450,112,5
545,82991,Kakao,38,17,14,2,3,650,간편결제,Male,34,Android,5100,143,2
546,60776,Kakao,39,29,22,9,0,1754,신용카드,Female,34,iOS,5500,116,7
547,64484,Youtube,39,24,15,4,0,869,신용카드,Female,34,Android,4800,106,5
548,70975,Facebook,39,21,9,2,0,429,간편결제,Female,34,iOS,3500,136,2
549,54462,Kakao,40,17,11,4,0,492,간편결제,Male,34,iOS,2250,102,5
550,51978,Instagram,40,15,15,4,0,918,신용카드,Female,34,iOS,3200,103,4
551,58082,Kakao,41,5,16,1,2,282,계좌이체,Male,34,iOS,3150,137,4
552,69496,Facebook,43,28,13,7,0,975,간편결제,Female,34,Android,2550,158,9
553,77246,Kakao,43,16,22,5,0,670,간편결제,Female,34,Android,4300,169,4
554,53263,Youtube,46,11,20,1,0,310,신용카드,Female,34,iOS,2200,127,3
555,70790,Instagram,49,29,17,3,0,814,신용카드,Male,34,Android,3800,95,4
556,68026,Facebook,50,27,19,4,0,917,간편결제,Female,34,iOS,3000,117,5
557,79983,Kakao,51,14,11,3,0,412,간편결제,Female,34,Android,2550,130,5
558,79951,Youtube,55,20,7,2,0,297,계좌이체,Male,34,Android,2100,109,6
559,57194,Instagram,56,18,15,3,2,481,신용카드,Female,34,iOS,4300,70,6
560,47619,Facebook,60,27,32,7,0,1355,신용카드,Male,34,iOS,3850,52,9
561,43043,Kakao,62,37,27,7,0,1472,신용카드,Male,34,Android,5700,100,5
562,68960,Kakao,63,15,7,6,0,1169,신용카드,Male,34,Android,3850,61,5
563,48423,Instagram,74,12,8,4,0,524,간편결제,Female,34,iOS,3650,43,5
564,83278,Youtube,87,37,45,8,0,1674,신용카드,Female,34,iOS,5200,70,7
565,42287,Youtube,99,40,34,7,0,1430,신용카드,Male,34,Android,3450,38,8
566,72998,Banner,7,4,2,0,0,55,계좌이체,Male,35,Android,2550,174,1
567,56534,Banner,10,7,6,0,0,37,간편결제,Male,35,iOS,2700,238,3
568,74486,Kakao,11,6,7,0,0,116,간편결제,Male,35,Android,3800,215,3
569,52344,Banner,11,18,6,0,0,135,신용카드,Female,35,Android,3850,212,3
570,74171,Banner,13,8,8,0,1,92,신용카드,Male,35,Android,2650,228,3
571,61807,Facebook,14,5,5,0,0,224,간편결제,Male,35,Android,4150,229,1
572,46413,Youtube,15,15,10,0,0,249,간편결제,Female,35,Android,3900,192,3
573,89708,Kakao,18,15,12,1,3,392,간편결제,Male,35,iOS,6250,180,1
574,63569,Youtube,21,24,4,0,0,343,간편결제,Male,35,iOS,2450,182,5
575,64337,Instagram,21,16,8,1,0,331,신용카드,Female,35,Android,3900,225,1
576,41777,Kakao,22,11,4,0,0,199,신용카드,Male,35,Android,3350,188,2
577,53823,Facebook,24,30,10,1,0,523,신용카드,Female,35,iOS,6100,217,2
578,60168,Kakao,24,12,4,0,0,429,간편결제,Female,35,iOS,4850,180,5
579,47970,Facebook,27,21,15,0,0,407,신용카드,Male,35,Android,4700,124,3
580,87945,Instagram,28,25,10,1,0,504,신용카드,Female,35,Android,5500,129,4
581,64146,Instagram,29,26,6,1,0,570,신용카드,Female,35,Android,4050,155,3
582,83118,Instagram,32,23,5,4,0,968,간편결제,Female,35,iOS,7350,100,5
583,88445,Kakao,32,24,7,2,0,362,신용카드,Male,35,iOS,3250,170,5
584,68260,Instagram,32,13,8,2,0,623,간편결제,Female,35,iOS,3550,113,3
585,80822,Facebook,36,33,16,7,0,1316,신용카드,Female,35,Android,4900,159,5
586,56420,Youtube,37,23,5,2,0,339,간편결제,Female,35,iOS,2100,125,6
587,47789,Instagram,38,20,14,0,3,174,간편결제,Male,35,iOS,2700,114,2
588,50225,Youtube,41,35,15,4,0,1005,간편결제,Male,35,Android,3100,100,5
589,56221,Youtube,42,12,5,3,0,516,신용카드,Male,35,Android,2250,166,5
590,72366,Instagram,46,16,8,4,1,902,신용카드,Male,35,Android,4250,110,5
591,59272,Instagram,46,34,15,3,1,858,신용카드,Female,35,Android,4250,147,5
592,76737,Youtube,46,14,19,3,0,541,간편결제,Male,35,iOS,2400,74,4
593,55247,Kakao,47,20,24,6,0,862,간편결제,Female,35,iOS,3350,86,8
594,62119,Instagram,48,33,26,7,1,855,신용카드,Female,35,iOS,2300,120,9
595,44096,Kakao,50,11,14,4,2,318,간편결제,Male,35,Android,2600,119,5
596,50527,Kakao,51,22,14,3,0,406,간편결제,Female,35,iOS,3300,125,5
597,49480,Instagram,52,21,20,3,0,854,신용카드,Female,35,iOS,4150,97,6
598,74109,Banner,53,40,23,6,0,1284,신용카드,Female,35,iOS,6750,122,6
599,63678,Banner,54,23,8,3,0,300,신용카드,Female,35,Android,2550,78,6
600,48124,Kakao,54,24,13,4,0,891,간편결제,Male,35,iOS,4000,125,8
601,85805,Instagram,57,19,22,6,0,1319,간편결제,Female,35,iOS,7250,107,8
602,67702,Banner,60,21,12,7,0,864,간편결제,Female,35,iOS,2500,79,9
603,42020,Facebook,60,32,15,5,0,1163,신용카드,Female,35,iOS,3000,101,5
604,62873,Instagram,67,18,37,5,0,262,간편결제,Female,35,iOS,2100,114,7
605,42292,Instagram,67,24,22,5,0,1033,간편결제,Female,35,iOS,4450,72,8
606,62012,Kakao,70,15,23,8,0,1771,간편결제,Female,35,iOS,5900,81,6
607,70532,Instagram,70,34,28,6,0,836,간편결제,Male,35,Android,3500,68,8
608,72457,Instagram,71,32,28,8,0,1791,신용카드,Female,35,iOS,5500,65,8
609,54725,Banner,71,28,15,5,2,607,간편결제,Female,35,Android,3150,54,6
610,50010,Youtube,79,35,25,6,0,904,간편결제,Female,35,Android,4150,32,6
611,85274,Instagram,82,19,10,5,0,349,간편결제,Female,35,Android,3200,87,9
612,65739,Youtube,1,4,0,0,0,0,9999,Male,36,iOS,2250,219,9999
613,53032,Youtube,2,4,0,0,0,0,9999,Male,36,Android,2300,182,9999
614,50826,Instagram,3,10,0,0,0,0,9999,Male,36,iOS,2100,229,9999
615,85958,Banner,4,11,0,0,0,0,9999,Male,36,Android,2500,200,9999
616,83677,Instagram,5,15,5,0,0,88,간편결제,Male,36,Android,3350,226,3
617,68649,Kakao,7,9,4,0,0,140,계좌이체,Female,36,iOS,3200,232,2
618,89386,Banner,7,7,6,0,0,84,신용카드,Male,36,iOS,4200,173,2
619,75443,Banner,11,10,2,0,0,135,신용카드,Male,36,Android,3350,172,1
620,53164,Youtube,13,13,7,0,0,123,신용카드,Male,36,iOS,3050,221,3
621,63477,Youtube,16,9,3,0,0,234,간편결제,Female,36,Android,3100,222,3
622,85031,Kakao,18,19,12,1,0,292,간편결제,Female,36,iOS,4500,171,5
623,67482,Youtube,19,5,9,0,0,236,간편결제,Male,36,iOS,4000,184,2
624,55743,Facebook,19,16,7,0,0,186,신용카드,Female,36,iOS,2350,220,3
625,63589,Facebook,20,24,4,1,0,452,신용카드,Female,36,iOS,3200,218,4
626,54334,Kakao,21,19,12,0,4,249,신용카드,Female,,iOS,3100,163,1
627,69853,Kakao,22,18,9,1,0,447,신용카드,Female,36,Android,3300,214,5
628,55435,Facebook,25,18,8,2,0,534,간편결제,Female,36,iOS,6100,221,3
629,46112,Banner,26,8,14,0,0,256,신용카드,Female,36,iOS,4150,143,5
630,73514,Kakao,28,29,5,0,0,435,신용카드,Male,36,Android,3450,194,2
631,59427,Kakao,31,15,6,0,0,350,신용카드,Male,36,iOS,4000,164,2
632,43363,Youtube,32,10,8,1,0,287,계좌이체,Male,36,iOS,2900,136,3
633,73728,Banner,35,10,13,2,0,244,간편결제,Female,36,Android,2100,162,5
634,49613,Instagram,36,29,15,3,0,718,간편결제,Female,36,Android,7000,125,4
635,58196,Instagram,38,29,14,3,0,766,신용카드,Male,36,iOS,4550,103,6
636,71510,Kakao,40,17,6,3,0,787,신용카드,Female,36,Android,6400,161,6
637,77030,Kakao,43,6,19,2,4,245,신용카드,Female,36,Android,2000,92,4
638,47206,Kakao,47,40,30,6,0,1162,신용카드,Male,36,iOS,3150,129,8
639,80250,Youtube,47,9,19,2,0,319,간편결제,Male,36,Android,2550,61,3
640,40427,Youtube,48,34,13,6,0,1397,간편결제,Male,36,iOS,5150,101,7
641,69912,Youtube,48,21,20,4,0,576,신용카드,Female,36,Android,3550,74,6
642,56459,Instagram,48,15,22,4,0,484,신용카드,Female,36,Android,3050,62,6
643,43331,Instagram,48,13,13,2,1,296,계좌이체,Male,36,iOS,2700,103,6
644,74673,Kakao,50,8,9,2,0,197,신용카드,Male,36,iOS,2750,74,5
645,76017,Facebook,52,38,14,6,0,1290,신용카드,Female,36,Android,5200,99,4
646,43106,Kakao,52,13,20,2,0,339,간편결제,Female,36,iOS,2200,103,6
647,43993,Youtube,53,27,17,6,0,834,간편결제,Female,36,Android,3500,108,8
648,49854,Instagram,55,17,17,5,0,561,신용카드,Female,36,iOS,3450,97,8
649,81074,Kakao,55,18,13,7,0,1342,신용카드,Female,36,iOS,4450,111,8
650,82407,Instagram,56,32,17,6,0,797,간편결제,Male,36,iOS,2350,103,9
651,47238,Kakao,58,19,9,6,0,1199,계좌이체,Female,36,Android,4100,88,7
652,72026,Youtube,58,12,25,3,2,310,간편결제,Female,36,iOS,2300,107,5
653,60261,Banner,58,16,21,5,2,743,간편결제,Female,36,iOS,4100,60,8
654,48707,Kakao,58,24,7,2,0,328,신용카드,Male,36,Android,2200,102,5
655,41206,Kakao,66,11,13,3,2,253,간편결제,Female,36,iOS,2350,63,5
656,74818,Facebook,66,29,24,5,0,1094,간편결제,Female,36,Android,6900,82,4
657,79202,Instagram,70,34,28,6,0,793,신용카드,Male,36,iOS,3700,50,9
658,76775,Instagram,71,20,23,6,0,1356,계좌이체,Female,36,iOS,5100,67,6
659,59929,Youtube,72,13,16,4,0,289,간편결제,Female,36,Android,2800,37,7
660,62633,Kakao,73,27,17,7,0,821,간편결제,Male,36,iOS,4350,63,5
661,55917,Instagram,86,15,19,7,0,1438,신용카드,Male,36,iOS,5550,68,6
662,57327,Banner,86,19,20,5,0,315,신용카드,Female,36,iOS,2500,83,8
663,81948,Banner,2,11,0,0,0,0,9999,Female,37,iOS,2450,161,9999
664,76969,Banner,3,8,0,0,0,0,9999,Male,37,Android,2400,231,9999
665,45515,Banner,8,12,4,0,0,83,간편결제,Female,37,Android,3500,193,2
666,69746,Banner,10,16,3,0,0,140,간편결제,Male,37,iOS,3650,180,1
667,70516,Facebook,10,13,6,0,0,55,신용카드,Male,37,iOS,3000,196,2
668,75739,Kakao,11,5,5,0,0,120,신용카드,Female,37,iOS,3550,228,3
669,80372,Banner,15,5,10,0,1,88,간편결제,Male,37,Android,2100,177,1
670,74953,Banner,18,12,11,0,0,208,신용카드,Female,37,Android,3700,230,1
671,55685,Banner,20,19,12,0,2,175,계좌이체,Female,37,Android,2350,207,3
672,46504,Instagram,20,28,5,2,1,532,신용카드,Male,37,Android,6650,162,2
673,84607,Kakao,22,16,8,0,0,266,간편결제,Female,37,iOS,2350,237,3
674,46778,Facebook,22,12,7,0,0,109,신용카드,Male,37,iOS,3150,214,5
675,74442,Youtube,23,8,11,1,0,325,간편결제,Male,37,iOS,3550,239,5
676,83843,Youtube,25,18,7,0,1,169,간편결제,Female,37,Android,2000,202,1
677,60922,Youtube,25,25,8,0,0,352,신용카드,Female,37,Android,5000,200,3
678,43619,Youtube,28,17,11,0,0,180,신용카드,Female,37,Android,3050,179,4
679,72081,Youtube,28,10,8,0,0,178,간편결제,Female,37,Android,3150,146,2
680,47530,Youtube,32,20,12,2,0,392,신용카드,Male,37,iOS,3000,111,4
681,84803,Youtube,32,24,12,2,0,365,간편결제,Female,37,Android,3350,93,5
682,65777,Kakao,36,19,10,2,0,703,계좌이체,Female,37,iOS,3250,129,4
683,68625,Youtube,36,24,10,2,0,624,계좌이체,Male,37,iOS,5800,109,2
684,56747,Instagram,39,28,19,8,0,1099,신용카드,Female,37,iOS,4500,145,7
685,65186,Kakao,40,18,9,2,0,590,계좌이체,Female,37,iOS,4100,154,3
686,81896,Kakao,41,17,11,4,0,859,신용카드,Male,37,Android,3100,105,7
687,55983,Instagram,42,18,8,1,0,246,간편결제,Female,37,iOS,2950,154,3
688,58152,Youtube,44,30,23,5,0,661,간편결제,Male,37,Android,2150,146,4
689,40012,Youtube,45,40,5,5,0,1196,신용카드,Male,37,Android,7350,102,7
690,69172,Instagram,46,26,8,3,0,823,간편결제,Female,37,Android,4350,96,4
691,84215,Kakao,47,20,19,4,0,957,간편결제,Female,37,iOS,6750,99,4
692,54831,Instagram,48,16,18,5,0,1115,신용카드,Female,37,iOS,7100,86,5
693,68567,Facebook,49,32,20,8,0,938,간편결제,Female,37,iOS,2000,81,9
694,87584,Instagram,49,8,10,4,0,284,간편결제,Female,37,Android,2500,69,8
695,51978,Instagram,49,21,19,5,0,994,신용카드,Female,37,iOS,4650,116,6
696,40821,Instagram,51,17,10,1,0,207,신용카드,Male,37,Android,3150,98,3
697,79399,Youtube,54,23,12,5,0,556,신용카드,Male,37,iOS,2800,115,6
698,70151,Kakao,54,19,15,3,0,791,간편결제,Female,37,Android,5000,61,5
699,81461,Kakao,55,25,18,4,1,599,신용카드,Male,37,Android,4250,55,7
700,42301,Banner,55,18,13,4,0,1005,간편결제,Female,37,iOS,5050,99,5
701,67299,Instagram,58,14,21,4,0,951,신용카드,Female,37,iOS,3250,52,8
702,57796,Banner,59,11,20,5,0,685,신용카드,Female,37,Android,2400,91,5
703,74033,Banner,60,30,20,7,0,1543,신용카드,Female,37,Android,7050,95,8
704,82246,Instagram,63,16,14,4,0,458,간편결제,Female,37,iOS,2000,85,6
705,74682,Youtube,64,16,13,4,0,607,계좌이체,Male,37,Android,4500,73,6
706,50411,Banner,64,20,19,3,0,491,신용카드,Male,37,iOS,3850,102,5
707,49196,Instagram,70,26,27,8,0,1044,신용카드,Female,37,iOS,2200,80,9
708,81288,Kakao,77,18,24,4,3,304,간편결제,Male,37,Android,3000,49,6
709,57742,Kakao,78,25,32,6,0,464,신용카드,Female,37,iOS,3150,87,7
710,78926,Youtube,86,24,25,8,0,1608,신용카드,Female,37,iOS,5700,80,9
711,72302,Kakao,6,11,5,0,0,188,간편결제,Female,38,iOS,5200,172,3
712,62761,Instagram,10,17,3,0,0,175,간편결제,Male,38,Android,5300,235,3
713,83816,Facebook,10,17,3,0,0,122,신용카드,Female,38,Android,3350,208,3
714,49063,Kakao,12,5,9,0,0,116,신용카드,Male,38,Android,4350,191,1
715,57221,Banner,14,13,5,0,0,138,간편결제,Female,38,iOS,3150,167,2
716,47773,Facebook,16,22,4,0,0,304,신용카드,Male,38,Android,3850,233,1
717,52519,Facebook,21,8,12,0,0,249,간편결제,Male,38,Android,3950,211,4
718,65833,Instagram,23,14,8,0,0,400,신용카드,Female,38,Android,3450,218,5
719,45984,Kakao,23,27,6,0,1,436,간편결제,Male,38,Android,,168,2
720,57164,Banner,29,14,15,2,1,422,간편결제,Female,38,Android,3350,197,2
721,63307,Facebook,29,12,7,2,0,687,신용카드,Male,38,iOS,7450,150,5
722,67744,Kakao,29,17,6,0,0,200,간편결제,Male,38,Android,3150,121,4
723,62427,Kakao,32,19,8,2,0,688,신용카드,Female,38,Android,6550,148,4
724,52252,Kakao,32,20,13,1,0,476,간편결제,Male,38,Android,3000,141,3
725,74443,Instagram,33,12,13,3,0,754,신용카드,Male,38,Android,7000,152,4
726,80690,Banner,34,12,5,2,0,688,신용카드,Female,38,iOS,4050,137,6
727,81544,Kakao,37,17,5,3,0,800,간편결제,Female,38,iOS,6900,95,5
728,49047,Instagram,40,17,24,7,0,1150,간편결제,Female,38,iOS,4250,167,7
729,83128,Instagram,41,17,7,2,0,353,간편결제,Male,38,Android,3150,105,4
730,59562,Youtube,45,13,14,6,2,785,계좌이체,Male,38,Android,3900,61,6
731,73599,Instagram,46,31,9,3,0,849,신용카드,Male,38,iOS,3050,156,5
732,67138,Instagram,46,16,17,4,0,1026,계좌이체,Male,38,Android,5350,92,6
733,59354,Kakao,46,15,10,2,0,374,신용카드,Male,38,iOS,3300,87,3
734,43371,Youtube,47,14,5,4,0,922,간편결제,Female,38,iOS,4750,70,6
735,89189,Instagram,48,33,21,9,0,1753,간편결제,Female,38,iOS,7000,127,9
736,88167,Youtube,48,19,8,5,0,969,신용카드,Female,38,Android,3150,120,6
737,56947,Kakao,49,38,28,8,0,1119,신용카드,Female,,iOS,4300,107,7
738,57751,Facebook,50,36,33,9,0,1982,신용카드,Female,38,iOS,6150,70,8
739,69442,Kakao,55,31,22,7,0,1491,간편결제,Male,38,Android,6550,120,5
740,67350,Kakao,64,12,18,7,0,999,신용카드,Male,38,iOS,3450,91,7
741,41344,Kakao,66,26,24,4,0,883,신용카드,Female,38,Android,4550,70,6
742,57992,Facebook,69,29,31,8,0,980,간편결제,Female,38,iOS,4300,70,8
743,80917,Instagram,73,24,30,5,0,962,간편결제,Female,38,iOS,4500,60,8
744,64532,Youtube,74,28,25,8,0,1761,신용카드,Female,38,iOS,5000,40,6
745,70222,Instagram,76,31,17,7,0,1525,신용카드,Male,38,Android,6900,61,8
746,56800,Facebook,76,23,13,4,0,469,신용카드,Female,38,Android,3050,87,5
747,56913,Banner,80,38,15,8,0,1768,간편결제,Female,38,iOS,5450,74,6
748,61559,Instagram,90,35,44,9,0,1870,간편결제,Male,38,Android,6600,71,7
749,75902,Instagram,6,17,6,0,0,169,간편결제,Male,39,Android,6150,237,2
750,68466,Instagram,10,13,5,0,1,71,신용카드,Female,39,Android,3750,209,3
751,62491,Banner,13,14,5,0,0,120,간편결제,Female,39,Android,4200,231,3
752,66816,Kakao,13,16,5,0,0,123,계좌이체,Male,39,iOS,4250,192,1
753,89569,Instagram,14,14,7,0,2,235,신용카드,Female,39,iOS,3350,230,4
754,47953,Banner,17,25,7,0,1,332,신용카드,Female,39,Android,6550,207,3
755,54225,Instagram,27,11,8,1,1,527,신용카드,Female,39,iOS,3650,144,2
756,74517,Youtube,30,18,15,1,0,493,간편결제,Female,39,iOS,3600,189,3
757,54351,Youtube,34,28,16,5,0,1095,신용카드,Female,39,iOS,6900,161,6
758,65738,Kakao,35,30,7,4,0,919,신용카드,Female,39,Android,5150,112,5
759,73533,Banner,40,18,17,4,0,664,신용카드,Male,39,Android,3550,167,6
760,53497,Banner,43,26,12,5,0,455,신용카드,Female,39,iOS,3100,123,7
761,47164,Instagram,43,34,5,3,0,728,신용카드,Male,39,iOS,4300,91,6
762,53802,Facebook,45,15,25,8,0,1579,신용카드,Female,39,Android,6100,134,9
763,65095,Instagram,45,16,14,3,0,848,신용카드,Male,39,iOS,4000,149,6
764,63005,Kakao,46,25,21,4,0,413,간편결제,Male,39,Android,3100,107,7
765,67399,Instagram,50,28,14,5,0,1190,신용카드,Male,39,Android,6700,91,6
766,42974,Facebook,51,14,28,7,0,963,신용카드,Male,39,Android,3950,137,6
767,72955,Kakao,51,30,17,5,0,1135,계좌이체,Female,39,Android,5000,82,5
768,49946,Youtube,52,26,19,2,0,623,신용카드,Male,39,Android,3300,89,6
769,66920,Youtube,53,21,10,6,0,885,신용카드,Female,39,iOS,3350,97,5
770,60136,Instagram,59,25,9,6,0,1237,간편결제,Female,39,iOS,4700,86,5
771,45571,Kakao,63,19,18,7,0,1321,간편결제,Male,39,Android,3400,93,6
772,67887,Kakao,64,17,5,5,0,1097,신용카드,Female,39,iOS,5850,94,5
773,55925,Instagram,64,37,8,5,0,1183,계좌이체,Female,39,iOS,6850,81,7
774,51479,Youtube,76,39,12,7,0,1406,신용카드,Female,39,iOS,5900,72,7
775,46324,Facebook,76,23,17,4,0,302,신용카드,Female,39,Android,3200,68,7
776,79744,Instagram,82,19,30,8,0,1622,간편결제,Female,39,iOS,5500,48,5
777,52253,Youtube,86,9,12,5,1,362,간편결제,Female,39,Android,3200,68,6
778,78132,Banner,6,15,1,0,0,127,신용카드,Female,40,Android,3350,195,2
779,45075,Youtube,6,12,6,0,0,131,간편결제,Male,40,iOS,4850,231,2
780,55392,Facebook,7,18,5,0,0,158,신용카드,Male,40,Android,5750,238,1
781,49742,Banner,11,16,2,0,0,145,간편결제,Male,40,iOS,3250,221,3
782,58725,Youtube,13,19,9,0,0,235,간편결제,Male,40,iOS,3750,238,1
783,55924,Youtube,18,13,11,1,0,368,신용카드,Female,40,Android,5050,173,3
784,57686,Facebook,18,20,6,0,0,305,간편결제,Female,40,iOS,5950,172,1
785,73404,Kakao,21,30,8,1,1,443,계좌이체,Female,40,iOS,4800,236,3
786,45363,Facebook,23,18,9,2,0,535,간편결제,Female,40,iOS,5100,182,5
787,62772,Youtube,25,15,12,0,0,198,신용카드,Female,40,Android,3650,237,5
788,52620,Instagram,29,26,14,3,0,858,간편결제,Female,40,iOS,7250,179,6
789,66742,Instagram,31,32,10,3,0,746,신용카드,Female,40,iOS,7500,137,4
790,78835,Instagram,31,25,15,0,0,361,신용카드,Female,40,Android,4200,106,2
791,88625,Kakao,33,24,10,3,0,746,계좌이체,Female,40,iOS,6100,109,5
792,84913,Facebook,34,31,12,3,0,795,신용카드,Female,40,Android,4900,116,4
793,75709,Kakao,36,23,13,2,0,413,간편결제,Female,40,iOS,4150,158,6
794,51478,Youtube,37,27,16,3,0,814,신용카드,Female,40,iOS,4700,135,5
795,71088,Banner,38,33,19,5,0,1099,신용카드,Female,40,iOS,6850,149,5
796,84311,Instagram,38,14,15,2,1,590,신용카드,Male,40,iOS,4250,97,4
797,45880,Facebook,39,11,6,2,0,669,신용카드,Male,40,Android,7050,168,4
798,65360,Instagram,40,27,14,4,0,903,신용카드,Female,40,iOS,4050,160,4
799,67885,Instagram,41,34,14,3,0,833,신용카드,Female,40,Android,4850,169,6
800,68846,Kakao,44,27,29,6,0,1190,신용카드,Female,40,Android,3650,93,9
801,69120,Kakao,44,39,11,7,0,1452,신용카드,Male,40,iOS,5950,135,7
802,71976,Banner,45,19,6,4,0,964,간편결제,Male,40,Android,5050,115,7
803,84767,Facebook,46,23,10,6,0,734,신용카드,Female,40,Android,3500,62,7
804,40868,Instagram,49,19,13,5,0,942,계좌이체,Female,40,Android,4150,125,6
805,85830,Youtube,51,12,10,5,0,643,간편결제,Female,40,iOS,3500,99,5
806,47643,Banner,52,12,18,3,0,451,계좌이체,Female,40,Android,3150,66,5
807,83295,Facebook,54,13,8,4,0,612,계좌이체,Female,40,iOS,3500,126,4
808,48221,Instagram,55,15,16,6,0,793,신용카드,Male,40,iOS,3950,93,8
809,57802,Facebook,55,29,7,4,0,585,신용카드,Female,40,Android,3850,77,4
810,42529,Instagram,58,36,11,6,0,1320,신용카드,Female,40,iOS,5400,114,7
811,85215,Facebook,58,24,15,5,0,1146,간편결제,Female,40,iOS,6300,117,7
812,50351,Kakao,58,12,19,4,0,584,간편결제,Female,40,iOS,4200,113,4
813,52789,Youtube,65,18,15,5,0,734,신용카드,Female,40,iOS,3300,87,7
814,65516,Banner,66,35,16,7,0,1424,계좌이체,Female,40,Android,5600,98,7
815,48168,Kakao,67,26,20,5,3,719,신용카드,Male,40,Android,3500,98,5
816,49558,Instagram,70,19,14,5,1,1101,신용카드,Male,40,iOS,3250,64,8
817,48640,Youtube,71,11,11,4,1,495,신용카드,Male,40,iOS,3250,95,6
818,66225,Instagram,72,27,12,5,0,714,신용카드,Female,40,Android,4450,43,8
819,76200,Youtube,72,32,20,5,0,725,간편결제,Female,40,iOS,3000,87,8
820,78574,Youtube,74,30,11,6,0,1080,간편결제,Female,40,iOS,4000,76,8
821,82463,Youtube,76,29,13,5,0,954,신용카드,Male,40,Android,3250,74,6
822,87208,Instagram,77,23,22,6,0,1109,신용카드,Female,40,iOS,4200,44,6
823,72780,Kakao,79,40,13,6,0,1269,신용카드,Female,40,Android,5050,49,8
824,69721,Youtube,82,22,27,7,0,1486,간편결제,Male,40,Android,5200,60,6
825,58806,Instagram,84,25,16,7,0,1575,간편결제,Female,40,iOS,7150,49,5
826,44754,Banner,13,11,7,0,0,57,신용카드,Male,41,Android,3250,202,2
827,76417,Youtube,15,22,9,1,2,364,계좌이체,Male,41,iOS,6950,207,2
828,85546,Instagram,17,12,7,1,0,360,계좌이체,Female,41,iOS,7400,179,3
829,46601,Instagram,19,14,7,0,0,318,신용카드,Male,41,Android,6850,168,3
830,40547,Banner,21,10,4,0,0,198,신용카드,Male,41,iOS,3200,169,1
831,84577,Banner,21,25,6,0,2,318,신용카드,Male,41,Android,5750,199,1
832,71499,Kakao,26,25,14,2,0,582,신용카드,Male,41,iOS,4200,161,3
833,52666,Kakao,27,20,8,1,1,317,신용카드,Male,41,Android,4000,136,2
834,48333,Facebook,29,13,12,2,0,589,신용카드,Female,41,iOS,4250,113,4
835,47175,Instagram,29,7,6,1,1,277,간편결제,Female,41,Android,3150,128,1
836,64488,Facebook,31,13,7,2,0,663,계좌이체,Female,41,iOS,5550,167,5
837,77115,Instagram,31,33,7,3,0,793,신용카드,Male,41,Android,6950,132,4
838,66941,Youtube,31,22,7,1,0,487,간편결제,Female,41,iOS,6400,113,3
839,80878,Instagram,35,30,5,3,0,760,신용카드,Female,41,iOS,6600,147,5
840,61664,Kakao,37,17,12,5,0,1152,신용카드,Female,41,iOS,6150,116,5
841,51578,Instagram,39,18,22,6,0,1282,신용카드,Female,41,iOS,5500,148,7
842,58967,Youtube,39,17,12,4,0,579,간편결제,Male,41,iOS,3750,159,4
843,72734,Facebook,41,28,14,2,0,660,신용카드,Female,41,iOS,4250,133,5
844,64739,Banner,42,16,24,6,0,1219,신용카드,Female,41,iOS,4600,87,7
845,85583,Kakao,42,22,21,6,0,1349,신용카드,Female,41,iOS,6050,124,6
846,63254,Banner,44,18,15,7,0,1433,신용카드,Female,41,iOS,7400,82,7
847,81146,Kakao,46,19,16,3,1,706,신용카드,Female,41,iOS,3800,62,4
848,51954,Banner,47,21,13,6,0,1373,신용카드,Female,41,Android,6000,106,7
849,70184,Banner,48,12,24,6,0,889,신용카드,Female,41,iOS,4300,69,5
850,86454,Banner,48,24,22,6,1,1287,간편결제,Female,41,iOS,5950,129,5
851,51993,Instagram,53,14,17,3,0,702,신용카드,Female,41,Android,4700,115,5
852,65453,Youtube,56,20,21,5,0,406,간편결제,Male,41,iOS,3250,51,6
853,86247,Kakao,59,24,9,4,1,575,신용카드,Female,41,iOS,3650,120,8
854,86553,Kakao,63,33,25,7,0,1511,간편결제,Male,41,Android,7200,95,8
855,51770,Kakao,66,16,11,8,0,1731,신용카드,Female,41,iOS,5050,77,9
856,49215,Youtube,67,25,26,7,0,730,신용카드,Female,41,iOS,3350,72,7
857,74843,Kakao,77,15,11,5,0,1051,신용카드,Female,41,iOS,4850,58,6
858,68561,Youtube,78,36,34,8,0,1497,신용카드,Female,41,iOS,3650,45,8
859,61853,Banner,8,13,7,0,1,120,신용카드,Male,42,Android,3550,218,2
860,77818,Kakao,13,16,6,0,0,88,계좌이체,Female,42,Android,3800,237,2
861,54446,Kakao,14,18,9,0,0,152,신용카드,Male,42,Android,4600,238,3
862,76619,Instagram,15,24,9,0,1,326,신용카드,Female,42,iOS,7400,219,1
863,75992,Instagram,17,9,7,0,2,170,신용카드,Male,42,iOS,3050,197,1
864,43983,Facebook,20,9,5,1,1,286,신용카드,Female,42,Android,3300,189,1
865,74758,Banner,21,17,8,1,0,328,계좌이체,Male,42,iOS,3250,225,3
866,73569,Banner,22,20,5,0,0,391,신용카드,Female,42,iOS,4550,203,1
867,81080,Facebook,24,11,12,2,0,557,신용카드,Male,42,Android,6400,214,4
868,89566,Youtube,29,13,12,2,0,534,신용카드,Female,42,Android,5200,109,4
869,60463,Banner,30,17,10,0,0,197,신용카드,Female,42,iOS,3100,108,2
870,83027,Facebook,30,16,13,0,3,164,신용카드,Male,42,iOS,3050,124,4
871,64669,Facebook,37,34,22,7,2,1549,간편결제,Female,42,Android,7400,107,5
872,76033,Youtube,38,32,12,3,0,703,신용카드,Female,42,Android,6900,95,5
873,40700,Facebook,39,24,17,4,0,632,간편결제,Female,42,iOS,4400,109,4
874,74485,Youtube,42,26,13,4,0,947,신용카드,Female,42,Android,5050,99,6
875,51630,Youtube,42,21,20,3,0,522,신용카드,Female,42,iOS,3750,80,2
876,88450,Banner,42,12,10,3,0,828,신용카드,Female,42,iOS,5100,91,5
877,69285,Facebook,44,22,16,3,0,804,신용카드,Female,42,Android,7050,63,6
878,75224,Instagram,45,13,5,2,0,629,신용카드,Male,42,iOS,3200,111,6
879,87964,Kakao,47,34,11,4,1,926,간편결제,Male,42,Android,6500,66,4
880,45541,Instagram,49,23,16,4,0,971,계좌이체,Female,42,iOS,4400,82,4
881,59309,Facebook,51,16,13,6,0,1063,신용카드,Female,42,iOS,4250,140,8
882,88459,Instagram,52,24,11,4,0,963,간편결제,Male,42,Android,3450,81,6
883,85949,Banner,57,36,11,6,0,1373,계좌이체,Female,42,Android,5700,109,8
884,49573,Instagram,59,26,32,9,0,1828,신용카드,Female,42,iOS,5600,76,7
885,85969,Kakao,59,26,14,3,0,831,신용카드,Female,42,iOS,3750,56,5
886,83153,Instagram,61,20,14,4,0,1032,간편결제,Male,42,Android,7350,63,7
887,86255,Banner,67,21,25,5,0,625,신용카드,Female,42,iOS,3700,51,5
888,44572,Facebook,67,15,25,6,0,1332,신용카드,Male,,Android,6500,53,7
889,64227,Kakao,83,27,13,6,2,673,신용카드,Female,42,iOS,3450,72,5
890,64182,Kakao,89,17,22,6,0,567,신용카드,Female,42,iOS,3150,47,7
891,46057,Kakao,92,22,21,7,0,1371,간편결제,Female,42,iOS,3700,54,7
892,65202,Youtube,97,40,41,9,0,1790,간편결제,Female,42,iOS,6050,44,8
893,62697,Youtube,13,17,10,0,0,177,신용카드,Male,43,Android,6000,176,1
894,68507,Kakao,17,9,4,0,0,301,계좌이체,Male,43,Android,4200,237,2
895,73377,Youtube,38,35,12,4,0,958,간편결제,Female,43,Android,7400,149,6
896,69717,Kakao,41,31,11,4,0,936,신용카드,Female,43,iOS,7450,88,4
897,54314,Banner,43,31,16,4,0,971,계좌이체,Male,43,Android,5650,99,5
898,47739,Instagram,45,31,17,3,0,823,신용카드,Male,43,iOS,5050,61,6
899,71679,Youtube,49,19,30,7,0,1416,신용카드,Male,43,Android,4300,117,9
900,68903,Instagram,50,39,14,7,0,1475,신용카드,Female,43,iOS,7450,99,5
901,53444,Instagram,60,38,24,8,0,1710,신용카드,Female,43,iOS,5050,109,8
902,85184,Kakao,60,36,20,7,0,1480,간편결제,Male,43,Android,5850,100,6
903,50204,Youtube,65,22,23,4,0,927,신용카드,Female,43,iOS,4350,67,6
904,83561,Youtube,67,29,20,5,0,1207,간편결제,Female,43,Android,6000,81,7
905,82155,Youtube,69,20,13,6,0,1169,간편결제,Female,43,iOS,4900,108,5
906,55571,Instagram,75,26,20,6,0,1052,계좌이체,Male,43,iOS,4450,56,7
907,46609,Instagram,76,31,20,7,0,1512,신용카드,Female,43,iOS,6000,68,7
908,40177,Youtube,82,15,13,6,1,1182,신용카드,Female,43,Android,4400,39,7
909,72954,Kakao,8,9,6,0,0,162,신용카드,Female,44,iOS,5100,194,3
910,88384,Youtube,9,9,6,0,0,107,신용카드,Male,44,Android,4500,182,2
911,88601,Instagram,11,16,3,0,0,191,간편결제,Male,44,Android,6700,210,1
912,59117,Kakao,13,22,9,0,1,322,신용카드,Female,44,iOS,7300,220,3
913,61857,Youtube,15,20,4,0,0,320,신용카드,Female,,Android,5700,189,3
914,57462,Youtube,25,11,11,1,0,315,신용카드,Female,44,Android,4300,171,4
915,81658,Instagram,27,18,10,1,0,487,간편결제,Male,44,iOS,7050,117,2
916,69502,Instagram,28,19,14,2,2,594,신용카드,Male,44,Android,6850,147,4
917,40655,Youtube,29,33,18,4,0,981,계좌이체,Female,44,iOS,7450,143,4
918,74320,Kakao,34,14,13,2,2,652,신용카드,Female,44,iOS,5550,140,2
919,83857,Youtube,36,29,8,3,0,760,신용카드,Male,44,iOS,4800,112,4
920,88003,Facebook,43,22,20,2,0,654,신용카드,Female,44,iOS,4000,128,6
921,77298,Facebook,45,26,18,5,0,1193,신용카드,Male,44,Android,6750,164,5
922,43629,Facebook,46,20,23,6,0,1309,신용카드,Female,44,iOS,5300,135,5
923,77671,Kakao,54,15,8,5,0,1102,계좌이체,Male,44,Android,6050,122,4
924,86087,Instagram,61,19,12,4,0,880,신용카드,Female,44,Android,4600,61,4
925,89242,Instagram,67,23,12,6,0,1383,신용카드,Female,44,iOS,6300,81,8
926,41678,Facebook,68,27,17,7,0,1437,신용카드,Female,44,iOS,6700,73,6
927,77261,Kakao,70,14,25,5,0,724,신용카드,Male,44,iOS,4000,112,4
928,73147,Banner,76,16,30,9,0,1795,신용카드,Male,44,Android,5600,38,8
929,50161,Instagram,80,29,18,6,2,749,신용카드,Female,44,iOS,4500,38,7
930,87880,Facebook,84,27,18,7,21,1451,신용카드,Female,44,iOS,7300,71,7
931,71249,Instagram,93,25,14,7,0,900,신용카드,Female,44,Android,4050,51,9
932,85886,Youtube,94,28,17,7,0,1447,신용카드,Male,44,iOS,5450,61,6
933,55856,Banner,8,16,1,0,0,154,신용카드,Male,45,Android,5100,170,2
934,72952,Facebook,15,21,7,0,0,306,신용카드,Female,45,iOS,5500,223,4
935,49395,Facebook,16,20,10,0,0,308,신용카드,Male,45,Android,4800,238,2
936,42367,Facebook,19,17,12,0,2,428,간편결제,Female,45,iOS,4950,223,2
937,59898,Instagram,26,21,9,1,0,444,신용카드,Male,45,Android,4050,156,4
938,85034,Facebook,28,23,15,0,0,436,신용카드,Male,45,Android,4450,140,5
939,59004,Facebook,29,17,5,3,0,714,신용카드,Male,45,iOS,6000,133,4
940,67330,Youtube,32,23,15,2,0,605,신용카드,Female,45,Android,4550,100,6
941,65183,Kakao,33,23,16,3,0,510,계좌이체,Male,45,iOS,4250,90,4
942,72628,Banner,33,12,5,1,0,556,신용카드,Female,45,Android,4900,99,5
943,57158,Banner,34,21,12,2,0,708,신용카드,Male,45,iOS,4250,159,5
944,44390,Kakao,34,12,7,2,0,616,신용카드,Female,45,iOS,4600,129,5
945,86149,Instagram,37,11,13,2,0,651,신용카드,Female,45,Android,7350,126,5
946,80546,Instagram,40,26,10,7,1,1324,신용카드,Female,45,iOS,4550,90,8
947,88121,Youtube,46,26,22,7,0,1428,신용카드,Female,45,iOS,7100,75,8
948,87825,Instagram,52,12,22,4,2,979,계좌이체,Female,45,iOS,4850,80,4
949,70644,Banner,53,37,13,5,0,1150,간편결제,Female,45,iOS,6950,94,7
950,69748,Youtube,89,23,36,8,0,1085,간편결제,Male,45,iOS,4100,80,7
951,72585,Facebook,6,13,6,0,0,158,신용카드,Male,46,Android,7400,221,3
952,42522,Facebook,15,9,7,1,0,358,신용카드,Female,46,iOS,6100,210,1
953,46386,Kakao,37,16,11,2,0,618,계좌이체,Female,46,Android,5000,149,5
954,50596,Banner,42,24,16,3,0,818,신용카드,Male,46,Android,5250,101,5
955,70572,Kakao,47,29,14,7,1,1442,계좌이체,Female,46,iOS,5600,69,8
956,42251,Youtube,48,33,8,4,0,895,신용카드,Female,46,iOS,6800,72,6
957,50717,Kakao,72,20,14,5,0,1146,신용카드,Female,46,iOS,7300,64,4
958,52241,Youtube,92,32,19,7,0,1360,간편결제,Female,46,iOS,5450,87,6
959,74610,Kakao,6,13,3,0,0,160,신용카드,Female,47,iOS,5600,186,3
960,41044,Instagram,22,16,8,0,0,338,신용카드,Male,47,Android,5800,209,2
961,46692,Instagram,26,30,6,2,0,538,신용카드,Male,47,Android,7150,146,3
962,84890,Youtube,28,25,13,2,0,535,간편결제,Female,47,iOS,,125,5
963,67479,Instagram,33,32,12,3,0,747,신용카드,Male,47,Android,6400,127,4
964,42797,Facebook,39,32,7,5,0,1103,신용카드,Female,,Android,7000,110,6
965,41264,Youtube,60,33,11,8,0,1783,계좌이체,Female,47,iOS,6000,101,8
966,63774,Youtube,60,22,13,4,0,1007,신용카드,Female,47,Android,6700,69,7
967,67054,Youtube,87,22,20,9,2,1883,간편결제,Male,47,Android,6800,89,9
968,75438,Youtube,7,11,7,0,0,158,계좌이체,Female,48,iOS,6250,165,2
969,70652,Facebook,8,5,2,0,0,170,신용카드,Female,48,iOS,6250,236,2
970,50859,Banner,12,20,8,0,0,309,간편결제,Female,48,iOS,5800,192,3
971,65741,Kakao,13,12,4,1,0,393,간편결제,Male,48,Android,7450,171,2
972,82498,Banner,13,7,3,1,0,394,신용카드,Female,48,Android,6250,197,4
973,59249,Banner,14,24,7,0,0,335,간편결제,Male,48,Android,5350,240,1
974,87858,Kakao,19,19,4,1,0,374,신용카드,Female,48,Android,6950,170,3
975,57408,Kakao,28,31,12,3,0,764,신용카드,Female,48,iOS,6100,104,4
976,66705,Kakao,29,15,10,2,0,655,신용카드,Female,48,iOS,6850,149,3
977,68855,Instagram,35,38,19,5,0,1099,신용카드,Female,48,Android,6400,122,6
978,87472,Youtube,46,21,13,7,0,1406,계좌이체,Female,48,iOS,7200,104,7
979,55404,Youtube,61,33,23,7,1,1431,계좌이체,Male,48,Android,6550,76,5
980,60330,Kakao,89,37,24,9,0,1760,간편결제,Female,48,iOS,6800,59,8
981,76223,Facebook,14,15,8,0,1,343,신용카드,Female,49,Android,6350,207,4
982,68080,Banner,14,7,7,0,0,321,간편결제,Male,49,Android,5500,219,4
983,74250,Kakao,15,9,7,0,0,330,신용카드,Female,49,Android,5950,175,1
984,49888,Youtube,18,13,8,1,0,373,신용카드,Female,49,iOS,6300,240,4
985,65131,Instagram,19,18,5,0,0,316,신용카드,Male,49,Android,6450,208,4
986,79237,Instagram,20,17,10,1,0,388,신용카드,Male,49,iOS,6650,197,4
987,69182,Instagram,27,21,14,3,1,755,신용카드,Female,49,Android,7350,101,5
988,70629,Instagram,33,25,14,3,0,735,신용카드,Female,49,Android,6700,163,3
989,58496,Instagram,37,30,9,2,0,636,신용카드,Female,49,Android,6700,119,3
990,58027,Kakao,40,25,12,6,0,1232,신용카드,Female,49,iOS,7050,151,4
991,57791,Youtube,40,30,10,3,0,750,신용카드,Female,49,iOS,5000,91,6
992,50423,Kakao,41,35,8,6,0,1351,신용카드,Male,49,Android,7250,154,7
993,83874,Youtube,43,27,15,4,0,1000,신용카드,Female,49,iOS,7150,124,7
994,45011,Banner,44,24,11,3,0,709,신용카드,Female,49,iOS,6650,107,4
995,43277,Instagram,53,15,16,5,0,1088,간편결제,Female,49,iOS,5800,109,4
996,64791,Kakao,58,37,20,6,0,1339,신용카드,Female,49,iOS,5800,58,7
997,69802,Youtube,67,15,34,9,0,1889,신용카드,Female,49,iOS,5700,68,7
998,80829,Banner,70,21,15,5,0,1163,신용카드,Male,49,iOS,6200,117,5
999,77455,Instagram,74,16,8,6,0,1335,신용카드,Male,,iOS,6850,70,5
1000,80331,Instagram,78,18,33,8,0,1591,신용카드,Male,49,iOS,6850,76,7
1001,66366,Banner,0,0,0,0,0,0,9999,Male,26,Android,2284,192,9999
1002,96778,Facebook,0,0,0,0,0,0,9999,Female,29,iOS,1960,226,9999
1003,79710,Banner,0,0,0,0,0,0,9999,Male,29,iOS,1727,218,9999
1004,78918,Facebook,0,0,0,0,0,0,9999,Female,31,Android,2248,221,9999
1005,83938,Banner,0,0,0,0,0,0,9999,Male,31,Android,2405,217,9999
1006,57044,Banner,0,0,0,0,0,0,9999,Male,31,iOS,2359,199,9999
1007,46573,Banner,0,0,0,0,0,0,9999,Male,35,iOS,2858,214,9999
1008,45372,Facebook,0,0,0,0,0,0,9999,Male,26,iOS,2327,208,9999
1009,72507,Youtube,0,0,0,0,0,0,9999,Female,29,iOS,2101,230,9999
1010,61500,Instagram,0,0,0,0,0,0,9999,Male,29,iOS,1769,206,9999
1011,91609,Facebook,0,0,0,0,0,0,9999,Female,31,Android,2367,199,9999
1012,57097,Banner,0,0,0,0,0,0,9999,Male,31,Android,2471,207,9999
1013,77915,Banner,0,0,0,0,0,0,9999,Male,31,iOS,2536,199,9999
1014,58708,Facebook,0,0,0,0,0,0,9999,Female,35,iOS,3019,247,9999
1015,78122,Facebook,0,0,0,0,0,0,9999,Male,26,Android,2373,175,9999
1016,58598,Banner,0,0,0,0,0,0,9999,Female,29,iOS,2057,238,9999
1017,47641,Youtube,0,0,0,0,0,0,9999,Male,29,iOS,1742,249,9999
1018,85419,Instagram,0,0,0,0,0,0,9999,Female,31,Android,2379,232,9999
1019,74424,Banner,0,0,0,0,0,0,9999,Male,31,Android,2365,252,9999
1020,47344,Facebook,0,0,0,0,0,0,9999,Female,31,iOS,2402,164,9999
1021,57633,Youtube,0,0,0,0,0,0,9999,Male,35,iOS,2997,229,9999
1022,52348,Instagram,0,0,0,0,0,0,9999,Male,26,Android,2264,177,9999
1023,81822,Banner,0,0,0,0,0,0,9999,Female,29,iOS,1947,214,9999
1024,70932,Banner,0,0,0,0,0,0,9999,Male,29,iOS,1691,250,9999
1025,57011,Facebook,0,0,0,0,0,0,9999,Female,31,Android,2271,202,9999
1026,59853,Facebook,0,0,0,0,0,0,9999,Male,31,Android,2446,208,9999
1027,98651,Youtube,0,0,0,0,0,0,9999,Male,31,iOS,2460,196,9999
1028,80422,Instagram,0,0,0,0,0,0,9999,Female,35,iOS,2998,227,9999
1029,48419,Banner,0,0,0,0,0,0,9999,Male,31,Android,2483,189,9999
1030,48863,Facebook,0,0,0,0,0,0,9999,Male,36,iOS,2477,157,9999
1031,75677,Banner,0,0,0,0,0,0,9999,Female,35,iOS,3011,190,9999
1032,97860,Facebook,0,0,0,0,0,0,9999,Male,26,Android,2370,157,9999
1033,61214,Youtube,0,0,0,0,0,0,9999,Female,33,iOS,1993,187,9999
1034,81844,Instagram,0,0,0,0,0,0,9999,Male,29,iOS,1736,186,9999
1035,79652,Banner,0,0,0,0,0,0,9999,Female,31,iOS,2301,187,9999
1036,94720,Banner,0,0,0,0,0,0,9999,Male,27,Android,2455,182,9999
1037,71136,Facebook,0,0,0,0,0,0,9999,Male,31,iOS,2485,145,9999
1038,68055,Facebook,0,0,0,0,0,0,9999,Female,35,iOS,3021,184,9999
1039,61091,Youtube,0,0,0,0,0,0,9999,Male,26,Android,2349,175,9999
1040,94042,Instagram,0,0,0,0,0,0,9999,Male,26,iOS,1971,186,9999
1041,53577,Banner,0,0,0,0,0,0,9999,Male,29,iOS,1759,199,9999
1042,45681,Facebook,0,0,0,0,0,0,9999,Female,31,Android,2278,179,9999
1043,63637,Banner,0,0,0,0,0,0,9999,Female,35,Android,2460,186,9999
1044,89510,Facebook,0,0,0,0,0,0,9999,Male,31,iOS,2463,157,9999
1045,60378,Youtube,0,0,0,0,0,0,9999,Male,35,iOS,2995,199,9999
1046,77780,Instagram,0,0,0,0,0,0,9999,Male,28,Android,2345,165,9999
1047,83848,Banner,0,0,0,0,0,0,9999,Female,29,iOS,2010,187,9999
1048,62414,Banner,0,0,0,0,0,0,9999,Male,31,iOS,1742,189,9999
1049,57553,Facebook,0,0,0,0,0,0,9999,Female,31,Android,2294,181,9999
1050,73334,Facebook,0,0,0,0,0,0,9999,Male,28,Android,1942,115,9999
1051,56221,Youtube,0,0,0,0,0,0,9999,Male,31,iOS,1840,134,9999
1052,45586,Instagram,0,0,0,0,0,0,9999,Female,31,iOS,1621,144,9999
1053,85425,Banner,0,0,0,0,0,0,9999,Male,33,Android,2046,133,9999
1054,58051,Facebook,0,0,0,0,0,0,9999,Male,33,Android,2102,142,9999
1055,53727,Banner,0,0,0,0,0,0,9999,Female,33,iOS,2194,107,9999
1056,71932,Facebook,0,0,0,0,0,0,9999,Female,37,iOS,2414,144,9999
1057,82510,Youtube,0,0,0,0,0,0,9999,Male,28,Android,2058,123,9999
1058,51304,Instagram,0,0,0,0,0,0,9999,Female,31,iOS,1814,132,9999
1059,98133,Banner,0,0,0,0,0,0,9999,Male,31,iOS,1603,143,9999
1060,61678,Banner,0,0,0,0,0,0,9999,Female,33,Android,1921,135,9999
1061,82764,Facebook,0,0,0,0,0,0,9999,Male,33,Android,2177,148,9999
1062,81897,Facebook,0,0,0,0,0,0,9999,Male,33,iOS,2007,112,9999
1063,72222,Youtube,0,0,0,0,0,0,9999,Female,37,iOS,2580,149,9999
1064,47070,Instagram,0,0,0,0,0,0,9999,Male,28,Android,2082,122,9999
1065,66712,Banner,0,0,0,0,0,0,9999,Female,31,iOS,1665,134,9999
1066,96178,Facebook,0,0,0,0,0,0,9999,Female,31,iOS,1498,145,9999
1067,91031,Banner,0,0,0,0,0,0,9999,Female,33,Android,1975,140,9999
1068,50175,Facebook,0,0,0,0,0,0,9999,Male,33,Android,2118,145,9999
1069,51935,Youtube,0,0,0,0,0,0,9999,Female,33,iOS,2178,110,9999
1070,66479,Instagram,0,0,0,0,0,0,9999,Male,37,iOS,2511,146,9999
1071,93442,Banner,0,0,0,0,0,0,9999,Male,28,Android,2058,122,9999
1072,75697,Banner,0,0,0,0,0,0,9999,Female,31,iOS,1777,136,9999
1073,90134,Facebook,0,0,0,0,0,0,9999,Male,31,iOS,1493,149,9999
1074,88947,Facebook,0,0,0,0,0,0,9999,Female,33,iOS,1981,132,9999
1075,57225,Youtube,0,0,0,0,0,0,9999,Male,33,Android,2193,143,9999
1076,89728,Instagram,0,0,0,0,0,0,9999,Male,33,iOS,2121,112,9999
1077,79940,Banner,0,0,0,0,0,0,9999,Female,37,iOS,2515,141,9999
1078,64224,Facebook,0,0,0,0,0,0,9999,Male,33,Android,2058,150,9999
1079,45576,Banner,0,0,0,0,0,0,9999,Female,38,iOS,2060,106,9999
1080,75817,Facebook,0,0,0,0,0,0,9999,Female,37,iOS,2508,141,9999
1081,45264,Youtube,0,0,0,0,0,0,9999,Male,28,Android,2108,118,9999
1082,48524,Instagram,0,0,0,0,0,0,9999,Female,35,iOS,1792,138,9999
1083,54300,Banner,0,0,0,0,0,0,9999,Male,31,iOS,1495,149,9999
1084,92632,Banner,0,0,0,0,0,0,9999,Female,33,Android,1997,135,9999
1085,84075,Facebook,0,0,0,0,0,0,9999,Male,29,Android,2059,145,9999
1086,60616,Facebook,0,0,0,0,0,0,9999,Male,33,iOS,2143,114,9999
1087,98293,Youtube,0,0,0,0,0,0,9999,Female,37,iOS,2550,140,9999
1088,93252,Instagram,0,0,0,0,0,0,9999,Male,28,Android,2107,120,9999
1089,93862,Banner,0,0,0,0,0,0,9999,Female,28,iOS,1766,136,9999
1090,68305,Facebook,0,0,0,0,0,0,9999,Male,31,iOS,1598,148,9999
1091,68687,Banner,0,0,0,0,0,0,9999,Female,33,Android,1957,134,9999
1092,77110,Banner,0,0,0,0,0,0,9999,Female,37,Android,2108,145,9999
1093,98000,Facebook,0,0,0,0,0,0,9999,Male,33,iOS,2043,107,9999
1094,55562,Banner,0,0,0,0,0,0,9999,Female,37,iOS,2469,149,9999
1095,74664,Facebook,0,0,0,0,0,0,9999,Female,30,Android,2032,123,9999
1096,95652,Banner,0,0,0,0,0,0,9999,Female,31,iOS,1759,135,9999
1097,76531,Facebook,0,0,0,0,0,0,9999,Male,33,iOS,1620,147,9999
1098,49516,Banner,0,0,0,0,0,0,9999,Female,33,Android,1866,137,9999
1099,69470,Banner,0,0,0,0,0,0,9999,Female,37,Android,2076,146,9999
1100,82852,Facebook,0,0,0,0,0,0,9999,Male,33,iOS,2004,104,9999
